temp_nitrogen_2025_data,,,,,,,,,,,,,,,,,,,,,,,,,,,,,,,,,,,,,,,,,,,,,,
,plant_id,Rack,Airtemp,airtemp_factor,Nfert,A649,A665,A649.1,A665.1,A649.2,A665.2,chl_area_cm2,narea_m2,avg_649,avg_665,chla_ug.ml,chlb_ug.ml,chla_g.ml,chlb_g.ml,chla_g,chlb_g,chla_g.m2,chlb_g.m2,chla_mol.m2,chlb_mol.m2,chla_mmol.m2,chlb_mmol.m2,chl_wt_new,chl_marea,chla_mmol.g,chlb_mmol.g,chl_mmol.g,chl_mmol.m2,chl_mmol.m2_narea,Vcmax25,Jmax25,nmass_g/g,Leaf biomass_g,leaf area_cm2,area_m2,Marea_g.m2,N_leaf,Narea_g.m2,propN_rubisco,propN_bioenergetics,propN_lightharvesting
1,100D,down,30,Medium,0,0.076,0.129,0.073,0.119,0.072,0.119,1.8,0.005590222,0.073666667,0.122333333,1.237093333,0.969116667,1.23709333333333E-06,9.69116666666666E-07,1.23709333333333E-05,9.69116666666666E-06,0.068727407,0.053839815,7.69184535230802E-05,5.93295809391107E-05,0.076918454,0.059329581,2.20621E-05,0.122567222,0.627561367,0.484057482,1.111618849,0.136248034,24.37256142,55.53519728,106.6519288,0.038,0.09,13.24,0.001324,67.97583082,0.00342,2.583081571,0.167801686,0.032837571,10.63750095
2,101D,down,30,Medium,35,0.085,0.142,0.082,0.142,0.08,0.139,1.8,0.00532,0.082333333,0.141,1.43474,1.06039,1.43474E-06,1.06039E-06,1.43474E-05,1.06039E-05,0.079707778,0.058910556,8.92074825998341E-05,6.49173587617834E-05,0.089207483,0.064917359,2.49513E-05,0.138618333,0.643547505,0.468317265,1.11186477,0.154124841,28.97083484,148.3382229,207.9814413,0.04,0.26,34.58,0.003458,75.18796992,0.0104,3.007518797,0.384955778,0.054999237,10.10786155
3,102D,down,30,Medium,70,0.079,0.139,0.083,0.145,0.081,0.144,1.8,0.005358553,0.081,0.142666667,1.459656667,1.022203333,1.45965666666667E-06,1.02220333333333E-06,1.45965666666667E-05,1.02220333333333E-05,0.081092037,0.056789074,9.07567201676949E-05,6.25795608384564E-05,0.09075672,0.062579561,2.48186E-05,0.137881111,0.658224462,0.45386609,1.112090552,0.153336281,28.61524213,94.81276916,156.4837479,0.045,0.38,45.25,0.004525,83.97790055,0.0171,3.779005525,0.195819269,0.032933065,8.986590322
4,103D,down,30,Medium,105,0.102,0.195,0.101,0.191,0.096,0.18,1.8,0.021890524,0.099666667,0.188666667,1.955996667,1.187963333,1.95599666666667E-06,1.18796333333333E-06,1.95599666666667E-05,1.18796333333333E-05,0.108666481,0.065997963,0.000121618,7.27274322709985E-05,0.121617533,0.072727432,3.14396E-05,0.174664444,0.696292442,0.416383727,1.112676168,0.194344965,8.878040858,122.5347513,188.4388191,0.079,0.21,58.19,0.005819,36.08867503,0.01659,2.851005327,0.335449668,0.05256695,5.12163944
5,104D,down,30,Medium,140,0.107,0.204,0.105,0.202,0.102,0.201,1.8,0.029809,0.104666667,0.202333333,2.105343333,1.225206667,2.10534333333333E-06,1.22520666666667E-06,2.10534333333333E-05,1.22520666666667E-05,0.116963519,0.068067037,0.000130903,7.50074790759331E-05,0.130903424,0.075007479,3.33055E-05,0.185030556,0.707469227,0.405378878,1.112848106,0.205910903,6.907675643,122.2230857,202.2227406,0.104,0.24,68.79,0.006879,34.88879198,0.02496,3.628434365,0.262905756,0.044325246,3.891077292
6,105D,down,30,Medium,210,0.092,0.169,0.095,0.178,0.093,0.174,1.8,0.050740364,0.093333333,0.173666667,1.794996667,1.128493333,1.79499666666667E-06,1.12849333333333E-06,1.79499666666667E-05,1.12849333333333E-05,0.099722037,0.062694074,0.000111607,6.90866630016134E-05,0.111607074,0.069086663,2.92349E-05,0.162416111,0.687167508,0.425368287,1.112535796,0.180693737,3.561143919,99.55889345,147.3584055,0.152,0.22,73.44,0.007344,29.95642702,0.03344,4.553376906,0.170652471,0.025738412,2.661568889
7,106D,down,30,Medium,280,0.091,0.173,0.091,0.173,0.097,0.19,1.8,0.062791316,0.093,0.178666667,1.857096667,1.094563333,1.85709666666667E-06,1.09456333333333E-06,1.85709666666667E-05,1.09456333333333E-05,0.103172037,0.060809074,0.000115468,6.70094593474981E-05,0.115468251,0.067009459,2.95166E-05,0.163981111,0.704155804,0.40864133,1.112797134,0.18247771,2.906097892,104.7034798,148.2475735,0.179,0.19,66.65,0.006665,28.50712678,0.03401,5.102775694,0.16014772,0.023105829,2.260634096
8,107D,down,30,Medium,350,0.091,0.176,0.093,0.18,0.095,0.184,1.8,0.041961111,0.093,0.18,1.87335,1.08747,1.87335E-06,1.08747E-06,1.87335E-05,1.08747E-05,0.104075,0.060415,0.000116479,6.65752035879974E-05,0.116478831,0.066575204,2.96082E-05,0.16449,0.708121045,0.404737088,1.112858133,0.183054034,4.36246871,207.0811644,140.2463514,0.13,0.18,58.1,0.00581,30.98106713,0.0234,4.027538726,0.401298,0.02769442,3.112889882
9,108D,down,30,Medium,630,0.1,0.196,0.103,0.203,0.101,0.196,1.8,0.059528318,0.101333333,0.198333333,2.068083333,1.173186667,2.06808333333333E-06,1.17318666666667E-06,2.06808333333333E-05,1.17318666666667E-05,0.114893519,0.065177037,0.000128587,7.18228007945574E-05,0.128586718,0.071822801,3.24127E-05,0.180070556,0.71409075,0.398859217,1.112949967,0.200409519,3.366624911,93.4047663,135.2987774,0.177,0.22,73.99,0.007399,29.7337478,0.03894,5.262873361,0.138519923,0.020446143,2.286491972
10,11D,top,37,High,35,0.078,0.135,0.082,0.141,0.083,0.144,1.8,0.0313145,0.081,0.14,1.42715,1.03639,1.42715E-06,1.03639E-06,1.42715E-05,1.03639E-05,0.079286111,0.057577222,8.87355610022396E-05,6.34480723574578E-05,0.088735561,0.063448072,2.46354E-05,0.136863333,0.648351599,0.463587075,1.111938674,0.152183633,4.859845546,78.58506833,118.7547505,0.069,0.06,27.23,0.002723,22.03452075,0.00414,1.520381932,0.403416314,0.062121041,5.860019361
11,13D,top,37,High,105,0.09,0.17,0.094,0.178,0.097,0.182,1.8,0.048269455,0.093666667,0.176666667,1.830416667,1.119863333,1.83041666666667E-06,1.11986333333333E-06,1.83041666666667E-05,1.11986333333333E-05,0.101689815,0.06221463,0.000113809,6.85583320987246E-05,0.113809375,0.068558332,2.95028E-05,0.163904444,0.69436418,0.418282325,1.112646505,0.182367707,3.778118253,114.7718425,177.0446626,0.129,0.11,41.16,0.004116,26.7249757,0.01419,3.447521866,0.259833083,0.040842869,3.136424257
12,14D,top,37,High,140,0.09,0.17,0.093,0.178,0.066,0.102,1.8,0.055463571,0.083,0.15,1.54215,1.02717,1.54215E-06,1.02717E-06,1.54215E-05,1.02717E-05,0.085675,0.057065,9.588588823852E-05,6.28836214971294E-05,0.095885888,0.062883621,2.56932E-05,0.14274,0.671752054,0.440546599,1.112298653,0.15876951,2.862590808,109.5054138,160.5728528,0.143,0.14,54.3,0.00543,25.78268877,0.02002,3.686924494,0.23181283,0.034637642,2.828477185
13,15D,top,37,High,210,0.085,0.159,0.086,0.163,0.087,0.165,1.8,0.056321571,0.086,0.162333333,1.682143333,1.027526667,1.68214333333333E-06,1.02752666666667E-06,1.68214333333333E-05,1.02752666666667E-05,0.093452407,0.057084815,0.00010459,6.29054567256381E-05,0.10459022,0.062905457,2.70967E-05,0.150537222,0.694779792,0.417873107,1.112652899,0.167495677,2.973916963,135.4194509,173.2690542,0.143,0.14,55.14,0.005514,25.38991658,0.02002,3.63075807,0.29110513,0.037954575,2.829378
14,16D,top,37,High,280,0.082,0.151,0.083,0.156,0.082,0.156,1.8,0.070832667,0.082333333,0.154333333,1.597273333,0.989456667,1.59727333333333E-06,9.89456666666667E-07,1.59727333333333E-05,9.89456666666666E-06,0.088737407,0.054969815,9.93132784271104E-05,6.05748011667766E-05,0.099313278,0.060574801,2.58673E-05,0.143707222,0.691080635,0.421515358,1.112595993,0.15988808,2.257264721,128.4000147,164.7589627,0.143,0.09,44.58,0.004458,20.1884253,0.01287,2.886944818,0.347130451,0.04538904,2.829233294
15,17D,top,37,High,350,0.082,0.146,0.082,0.148,0.084,0.153,1.8,0.0495,0.082666667,0.149,1.53111,1.02516,1.53111E-06,1.02516E-06,1.53111E-05,1.02516E-05,0.085061667,0.056953333,9.51994568238371E-05,6.27605687607671E-05,0.095199457,0.062760569,2.55627E-05,0.142015,0.670347899,0.441929154,1.112277052,0.157960026,3.191111628,110.8001379,156.1893725,0.154,0.14,45,0.0045,31.11111111,0.02156,4.791111111,0.18049708,0.025927203,2.626392095
16,18D,top,37,High,630,0.085,0.153,0.085,0.154,0.085,0.154,1.8,0.06756175,0.085,0.153666667,1.579946667,1.051643333,1.57994666666667E-06,1.05164333333333E-06,1.57994666666667E-05,1.05164333333333E-05,0.087774815,0.05842463,9.82359624568441E-05,6.43818854944292E-05,0.098235962,0.064381885,2.63159E-05,0.146199444,0.671931161,0.440370247,1.112301408,0.162617848,2.406951388,62.70899342,91.15509077,0.159,0.12,50.99,0.005099,23.53402628,0.01908,3.741910178,0.130798449,0.019374388,2.543856852
17,AD,top,37,High,0,0.068,0.11,0.076,0.123,0.068,0.109,1.8,0.015282,0.070666667,0.114,1.14586,0.94748,1.14586E-06,9.4748E-07,1.14586E-05,9.4748E-06,0.063658889,0.052637778,7.12458605822978E-05,5.80049784321E-05,0.071245861,0.058004978,2.09334E-05,0.116296667,0.612621691,0.498767334,1.111389025,0.129250839,8.457717512,64.14104887,90.02476886,0.054,0.05,14.15,0.001415,35.33568905,0.0027,1.908127208,0.262358328,0.03752279,7.484101181
18,21D,down,37,High,70,0.097,0.185,0.102,0.191,0.098,0.187,1.8,0.036135,0.099,0.187666667,1.946106667,1.178623333,1.94610666666667E-06,1.17862333333333E-06,1.94610666666667E-05,1.17862333333333E-05,0.108117037,0.065479074,0.000121003,7.21556349786484E-05,0.121002604,0.072155635,3.12473E-05,0.173596111,0.697035225,0.41565237,1.112687595,0.193158239,5.345461169,130.5369589,164.5024035,0.09,0.08,32.12,0.003212,24.90660025,0.0072,2.241594022,0.454509173,0.058365434,4.495707454
19,22D,down,37,High,105,0.087,0.164,0.088,0.165,0.088,0.162,1.8,0.052015625,0.087666667,0.163666667,1.692646667,1.057083333,1.69264666666667E-06,1.05708333333333E-06,1.69264666666667E-05,1.05708333333333E-05,0.094035926,0.058726852,0.000105243,6.47149237460763E-05,0.105243283,0.064714924,2.74973E-05,0.152762778,0.688932767,0.423630185,1.112562951,0.169958207,3.267445251,114.0034959,167.1508172,0.125,0.08,33.29,0.003329,24.03124061,0.01,3.003905077,0.296208888,0.04425504,3.236546767
20,23D,down,37,High,140,0.083,0.151,0.083,0.151,0.081,0.15,1.8,0.047937545,0.082333333,0.150666667,1.552576667,1.008963333,1.55257666666667E-06,1.00896333333333E-06,1.55257666666667E-05,1.00896333333333E-05,0.086254259,0.056053519,9.65341845746094E-05,6.17690045054035E-05,0.096534185,0.061769005,2.56154E-05,0.142307778,0.678347917,0.434052203,1.11240012,0.158303189,3.302279822,77.30111146,103.9713414,0.137,0.11,38.49,0.003849,28.57885165,0.01507,3.915302676,0.15409428,0.021119748,2.95262142
21,24D,down,37,High,210,0.086,0.16,0.088,0.163,0.086,0.161,1.8,0.056511778,0.086666667,0.161333333,1.667653333,1.047506667,1.66765333333333E-06,1.04750666666667E-06,1.66765333333333E-05,1.04750666666667E-05,0.092647407,0.058194815,0.000103689,6.41286376572391E-05,0.103689279,0.064128638,2.71516E-05,0.150842222,0.687402222,0.425137184,1.112539406,0.167817916,2.969609574,70.811026,93.15975797,0.119,0.09,42.74,0.004274,21.05755732,0.01071,2.505849321,0.220552536,0.029567447,3.399662051
22,25D,down,37,High,280,0.094,0.181,0.094,0.182,0.095,0.184,1.8,0.037973214,0.094333333,0.182333333,1.897193333,1.104376667,1.89719333333333E-06,1.10437666666667E-06,1.89719333333333E-05,1.10437666666667E-05,0.10539963,0.061354259,0.000117961,6.76102342328223E-05,0.117961332,0.067610234,3.00157E-05,0.166753889,0.707397786,0.40544922,1.112847007,0.185571566,4.886906984,129.4823846,164.9455945,0.125,0.14,42.53,0.004253,32.91794028,0.0175,4.114742535,0.24560327,0.031881481,3.23737311
23,26D,down,37,High,350,0.085,0.163,0.087,0.166,0.085,0.163,1.8,0.086629714,0.085666667,0.164,1.70361,1.01133,1.70361E-06,1.01133E-06,1.70361E-05,1.01133E-05,0.094645,0.056185,0.000105925,6.19138924702745E-05,0.105924948,0.061913892,2.71494E-05,0.15083,0.702280366,0.410487917,1.112768283,0.16783884,1.93742807,76.26978849,112.0301615,0.264,0.14,45.94,0.004594,30.474532,0.03696,8.045276448,0.073990795,0.011074763,1.532738682
24,28D,down,37,High,0,0.073,0.121,0.075,0.123,0.075,0.124,1.8,0.025714,0.074333333,0.122666667,1.238856667,0.982003333,1.23885666666667E-06,9.82003333333333E-07,1.23885666666667E-05,9.82003333333333E-06,0.06882537,0.054555741,7.70280918740365E-05,6.01185061112111E-05,0.077028092,0.060118506,2.22086E-05,0.123381111,0.624310246,0.487258589,1.111568835,0.137146598,5.333538072,64.42076133,95.82952983,0.043,0.02,11.96,0.001196,16.72240803,0.00086,0.719063545,0.699237487,0.105991861,9.400159284
25,30D,down,37,High,70,0.084,0.15,0.083,0.149,0.086,0.153,1.8,0.037187222,0.084333333,0.150666667,1.545676667,1.052943333,1.54567666666667E-06,1.05294333333333E-06,1.54567666666667E-05,1.05294333333333E-05,0.085870926,0.058496852,9.61051649404326E-05,6.44614718413301E-05,0.096105165,0.064461472,2.59862E-05,0.144367778,0.665696781,0.446508721,1.112205502,0.160566637,4.317790552,89.49167588,149.8592696,0.095,0.09,35.23,0.003523,25.54640931,0.00855,2.426908884,0.287802983,0.049110072,4.257245941
26,31D,down,37,High,105,0.093,0.179,0.094,0.182,0.092,0.18,1.8,0.034092706,0.093,0.180333333,1.877413333,1.085696667,1.87741333333333E-06,1.08569666666667E-06,1.87741333333333E-05,1.08569666666667E-05,0.104300741,0.060316481,0.000116731,6.64666396481222E-05,0.116731476,0.06646664,2.96311E-05,0.164617222,0.709108525,0.403764799,1.112873324,0.183198115,5.373528163,126.5386313,191.6927366,0.123,0.17,47.12,0.004712,36.07809847,0.02091,4.437606112,0.222556613,0.034355584,3.290091127
27,32D,down,37,High,140,0.095,0.18,0.1,0.187,0.087,0.163,1.8,0.032626667,0.094,0.176666667,1.829266667,1.127193333,1.82926666666667E-06,1.12719333333333E-06,1.82926666666667E-05,1.12719333333333E-05,0.101625926,0.062621852,0.000113738,6.90070766547124E-05,0.113737872,0.069007077,2.95646E-05,0.164247778,0.692477387,0.420140093,1.11261748,0.182744949,5.601091599,121.0997534,187.8935075,0.1,0.15,48.94,0.004894,30.64977523,0.015,3.064977523,0.308377076,0.048755646,4.045881744
28,33D,down,37,High,210,0.088,0.171,0.091,0.175,0.089,0.174,1.8,0.05513,0.089333333,0.173333333,1.804733333,1.042306667,1.80473333333333E-06,1.04230666666667E-06,1.80473333333333E-05,1.04230666666667E-05,0.100262963,0.057905926,0.000112212,6.38102922696353E-05,0.112212469,0.063810292,2.84704E-05,0.158168889,0.709447158,0.403431375,1.112878533,0.176022761,3.19286706,130.0197998,161.2197743,0.149,0.13,48.1,0.00481,27.02702703,0.01937,4.027027027,0.251994505,0.031840084,2.715993979
29,34D,down,37,High,280,0.088,0.174,0.09,0.174,0.087,0.172,1.8,0.057599462,0.088333333,0.173333333,1.808183333,1.020316667,1.80818333333333E-06,1.02031666666667E-06,1.80818333333333E-05,1.02031666666667E-05,0.10045463,0.056684259,0.000112427,6.24640586016719E-05,0.112426979,0.062464059,2.8285E-05,0.157138889,0.715462476,0.397508593,1.112971069,0.174891037,3.036331113,93.17074616,122.5436221,0.139,0.13,53.87,0.005387,24.13217004,0.01807,3.354371635,0.21678764,0.029054939,2.911631313
30,35D,down,37,High,350,0.094,0.185,0.095,0.186,0.093,0.184,1.8,0.0522025,0.094,0.185,1.93085,1.08286,1.93085E-06,1.08286E-06,1.93085E-05,1.08286E-05,0.107269444,0.060158889,0.000120054,6.62929781578332E-05,0.120053994,0.066292978,3.01371E-05,0.167428333,0.717047061,0.395948385,1.112995446,0.186346972,3.56969441,127.8099657,152.3131901,0.133,0.12,47.1,0.00471,25.47770701,0.01596,3.388535032,0.294387157,0.03574917,3.043049749
31,36D,down,37,High,630,0.1,0.196,0.099,0.194,0.101,0.198,1.8,0.047952857,0.1,0.196,2.04424,1.15628,2.04424E-06,1.15628E-06,2.04424E-05,1.15628E-05,0.113568889,0.064237778,0.000127104,7.07877701497325E-05,0.127104217,0.07078777,3.20052E-05,0.177806667,0.714845058,0.398116513,1.112961571,0.197891987,4.126802841,122.9818438,178.0757848,0.134,0.14,50.1,0.00501,27.94411178,0.01876,3.744510978,0.256337423,0.037822497,3.020248497
32,37D,top,23,Low,0,0.096,0.186,0.096,0.186,0.094,0.182,1.8,0.015048,0.095333333,0.184666667,1.922186667,1.113953333,1.92218666666667E-06,1.11395333333333E-06,1.92218666666667E-05,1.11395333333333E-05,0.106788148,0.061886296,0.000119515,6.81965203216594E-05,0.119515336,0.06819652,3.03614E-05,0.168674444,0.708556277,0.404308552,1.112864828,0.187711857,12.47420632,102.4495852,173.8987985,0.063,0.07,16.72,0.001672,41.86602871,0.00441,2.637559809,0.303161474,0.052436621,6.423462212
33,38D,top,23,Low,35,0.086,0.154,0.086,0.154,0.092,0.17,1.8,0.005477125,0.088,0.159333333,1.638673333,1.087466667,1.63867333333333E-06,1.08746666666667E-06,1.63867333333333E-05,1.08746666666667E-05,0.091037407,0.060414815,0.000101887,6.65749995204412E-05,0.101887396,0.066575,2.72614E-05,0.151452222,0.672736225,0.439577568,1.112313793,0.168462396,30.75744953,135.7908252,218.0246474,0.043,0.24,30.57,0.003057,78.50834151,0.01032,3.375858685,0.313944075,0.051364347,9.406459137
34,39D,top,23,Low,70,0.101,0.2,0.102,0.201,0.1,0.197,1.8,0.006535833,0.101,0.199333333,2.081423333,1.160536667,2.08142333333333E-06,1.16053666666667E-06,2.08142333333333E-05,1.16053666666667E-05,0.11563463,0.064474259,0.000129416,7.10483644189442E-05,0.129416156,0.071048364,3.24196E-05,0.180108889,0.71854397,0.394474503,1.113018473,0.200464521,30.67160839,174.5135001,282.0062867,0.055,0.3,35.65,0.003565,84.15147265,0.0165,4.628330996,0.294286771,0.048459041,7.358799822
35,3D,top,37,High,70,0.084,0.151,0.088,0.158,0.086,0.156,1.8,0.047435636,0.086,0.155,1.59275,1.06654,1.59275E-06,1.06654E-06,1.59275E-05,1.06654E-05,0.088486111,0.059252222,9.90320322224833E-05,6.52938634028918E-05,0.099032032,0.065293863,2.65929E-05,0.147738333,0.670320492,0.441956139,1.112276631,0.164325896,3.464186595,114.3666196,174.2862883,0.124,0.11,42.08,0.004208,26.14068441,0.01364,3.241444867,0.275376431,0.04276269,3.261808301
36,40D,top,23,Low,105,0.09,0.172,0.093,0.175,0.09,0.173,1.8,0.027564727,0.091,0.173333333,1.798983333,1.078956667,1.79898333333333E-06,1.07895666666667E-06,1.79898333333333E-05,1.07895666666667E-05,0.099943519,0.059942037,0.000111855,6.60540150495741E-05,0.111854952,0.066054015,2.87794E-05,0.159885556,0.699593856,0.413133099,1.112726955,0.177908967,6.454225565,147.7078352,216.023848,0.098,0.11,30.94,0.003094,35.55268261,0.01078,3.484162896,0.330880523,0.049310985,4.128856977
37,41D,top,23,Low,140,0.099,0.201,0.1,0.202,0.099,0.2,1.8,0.043216286,0.099333333,0.201,2.10749,1.11502,2.10749E-06,1.11502E-06,2.10749E-05,1.11502E-05,0.117082778,0.061945556,0.000131037,6.82618219396295E-05,0.131036897,0.068261822,3.22251E-05,0.179028333,0.731933848,0.381290607,1.113224455,0.199298719,4.611657748,112.9192633,172.3938637,0.127,0.14,47.64,0.004764,29.38706969,0.01778,3.732157851,0.236142498,0.036736877,3.187471597
38,42D,top,23,Low,210,0.116,0.254,0.116,0.254,0.118,0.257,1.8,0.032649125,0.116666667,0.255,2.70595,1.2089,2.70595E-06,1.2089E-06,2.70595E-05,1.2089E-05,0.150330556,0.067161111,0.000168247,7.40091805912163E-05,0.1682472,0.074009181,3.91485E-05,0.217491667,0.773579983,0.340285132,1.113865116,0.24225638,7.419996109,68.26628571,98.92076419,0.118,0.16,44.27,0.004427,36.14185679,0.01888,4.264739101,0.124933794,0.018447411,3.432558138
39,43D,top,23,Low,280,0.135,0.297,0.15,0.343,0.139,0.316,1.8,0.012276,0.141333333,0.318666667,3.396946667,1.412613333,3.39694666666667E-06,1.41261333333333E-06,3.39694666666667E-05,1.41261333333333E-05,0.188719259,0.078478519,0.000211211,8.64805652181543E-05,0.211211133,0.086480565,4.80956E-05,0.267197778,0.7904674,0.323657502,1.114124902,0.297691698,24.24989394,99.97253747,162.9779284,0.093,0.25,33,0.0033,75.75757576,0.02325,7.045454545,0.110748492,0.018397559,4.356304603
40,44D,top,23,Low,350,0.113,0.253,0.117,0.263,0.119,0.261,1.8,0.032026154,0.116333333,0.259,2.75586,1.18029,2.75586E-06,1.18029E-06,2.75586E-05,1.18029E-05,0.153103333,0.065571667,0.00017135,7.22576687567265E-05,0.171350442,0.072257669,3.93615E-05,0.218675,0.783584963,0.330434063,1.114019027,0.243608111,7.606536577,125.9268659,188.2870731,0.135,0.26,61.68,0.006168,42.15304799,0.0351,5.690661479,0.172711702,0.026314686,3.000724651
41,45D,top,23,Low,630,0.109,0.241,0.109,0.24,0.11,0.242,1.8,0.039119048,0.109333333,0.241,2.56059,1.12212,2.56059E-06,1.12212E-06,2.56059E-05,1.12212E-05,0.142255,0.06234,0.000159209,6.86964858342424E-05,0.159209186,0.068696486,3.68271E-05,0.204595,0.778167532,0.335768156,1.113935688,0.227905672,5.825951447,108.1184425,157.955785,0.155,0.21,53,0.0053,39.62264151,0.03255,6.141509434,0.13740128,0.020455064,2.613338857
42,46D,top,23,Low,0,0.04,0.039,0.041,0.041,0.042,0.041,1.8,0.005337,0.041,0.040333333,0.350213333,0.687016667,3.50213333333333E-07,6.87016666666667E-07,3.50213333333333E-06,6.87016666666667E-06,0.019456296,0.038167593,2.17751298768859E-05,4.20593436616005E-05,0.02177513,0.042059344,1.03723E-05,0.057623889,0.377883727,0.729894224,1.107777951,0.063834474,11.96074078,109.0290706,165.1358382,0.039,0.13,17.79,0.001779,73.0747611,0.00507,2.849915683,0.298590799,0.046083956,10.32893194
43,47D,top,23,Low,35,0.092,0.172,0.092,0.171,0.093,0.175,1.8,0.0071375,0.092333333,0.172666667,1.786256667,1.111823333,1.78625666666667E-06,1.11182333333333E-06,1.78625666666667E-05,1.11182333333333E-05,0.099236481,0.061767963,0.000111064,6.80661211532755E-05,0.11106365,0.068066121,2.89808E-05,0.161004444,0.68981729,0.422759268,1.112576558,0.179129771,25.09699064,107.2607105,174.7759296,0.05,0.16,22.84,0.002284,70.0525394,0.008,3.50262697,0.239008256,0.039685163,8.091465879
44,49D,top,23,Low,105,0.107,0.215,0.106,0.214,0.106,0.214,1.8,0.00848205,0.106333333,0.214333333,2.245873333,1.198016667,2.24587333333333E-06,1.19801666666667E-06,2.24587333333333E-05,1.19801666666667E-05,0.124770741,0.066556481,0.000139641,7.33429000203659E-05,0.139641124,0.0733429,3.44389E-05,0.191327222,0.72985497,0.383337505,1.113192475,0.212984024,25.10997036,162.9703481,226.4184545,0.061,0.4,55.62,0.005562,71.91657677,0.0244,4.386911183,0.289945166,0.041048133,6.636020716
45,4D,top,37,High,105,0.088,0.155,0.086,0.157,0.085,0.156,1.8,0.052617333,0.086333333,0.156,1.60379,1.06855,1.60379E-06,1.06855E-06,1.60379E-05,1.06855E-05,0.089099444,0.059363889,9.97184636371663E-05,6.54169161392541E-05,0.099718464,0.065416916,2.67234E-05,0.148463333,0.67167065,0.440626751,1.112297401,0.16513538,3.138421682,91.38739247,136.5978589,0.124,0.12,50.92,0.005092,23.56637863,0.01488,2.922230951,0.24408319,0.03717661,3.26186921
46,50D,top,23,Low,140,0.092,0.175,0.093,0.176,0.091,0.174,1.8,0.040535182,0.092,0.175,1.81585,1.09208,1.81585E-06,1.09208E-06,1.81585E-05,1.09208E-05,0.100880556,0.060671111,0.000112904,6.68574290181616E-05,0.112903667,0.066857429,2.90793E-05,0.161551667,0.698870333,0.413845492,1.112715825,0.179761096,4.434693222,159.43315,224.0043472,0.111,0.11,40.17,0.004017,27.38361962,0.01221,3.039581777,0.409384048,0.058611529,3.645260688
47,51D,top,23,Low,210,0.059,0.095,0.061,0.098,0.061,0.097,1.8,0.033037143,0.060333333,0.096666667,0.970216667,0.812463333,9.70216666666667E-07,8.12463333333333E-07,9.70216666666667E-06,8.12463333333333E-06,0.053900926,0.045136852,6.03249274500855E-05,4.97392220699878E-05,0.060324927,0.049739222,1.78268E-05,0.099037778,0.609110269,0.502224739,1.111335008,0.11006415,3.331527487,189.2281934,249.9896282,0.124,0.21,55.95,0.005595,37.53351206,0.02604,4.654155496,0.317329959,0.042719045,3.259046943
48,52D,top,23,Low,280,0.112,0.253,0.115,0.253,0.111,0.251,1.8,0.030522917,0.112666667,0.252333333,2.687243333,1.135126667,2.68724333333333E-06,1.13512666666667E-06,2.68724333333333E-05,1.13512666666667E-05,0.149291296,0.063062593,0.000167084,6.94927574383645E-05,0.16708408,0.069492757,3.82237E-05,0.212353889,0.786819026,0.327249752,1.114068778,0.236576837,7.750793936,152.0082566,204.8333286,0.13,0.24,56.35,0.005635,42.59094942,0.0312,5.536823425,0.214275554,0.029422555,3.116276301
49,53D,top,23,Low,350,0.109,0.234,0.11,0.236,0.112,0.236,1.8,0.031160343,0.110333333,0.235333333,2.488063333,1.174256667,2.48806333333333E-06,1.17425666666667E-06,2.48806333333333E-05,1.17425666666667E-05,0.138225741,0.065236481,0.0001547,7.18883064800836E-05,0.154699713,0.071888306,3.66232E-05,0.203462222,0.7603363,0.353325083,1.113661382,0.22658802,7.271679285,219.3698039,292.8211936,0.148,0.35,73.69,0.007369,47.49626815,0.0518,7.029447686,0.243568861,0.033130023,2.736268753
50,54D,top,23,Low,630,0.112,0.247,0.113,0.247,0.111,0.246,1.8,0.03669624,0.112,0.246666667,2.620466667,1.150613333,2.62046666666667E-06,1.15061333333333E-06,2.62046666666667E-05,1.15061333333333E-05,0.145581481,0.063922963,0.000162932,7.04408553042667E-05,0.162932123,0.070440855,3.77108E-05,0.209504444,0.777702467,0.336226067,1.113928534,0.233372979,6.359588301,129.8273843,191.3268226,0.162,0.25,56.63,0.005663,44.14621225,0.0405,7.151686385,0.14168503,0.021276874,2.500400749
51,55D,down,35,Low,0,0.101,0.189,0.1,0.188,0.1,0.187,1.8,0.0049979,0.100333333,0.188,1.94557,1.20617,1.94557E-06,1.20617E-06,1.94557E-05,1.20617E-05,0.108087222,0.067009444,0.000120969,7.38420492627243E-05,0.120969236,0.073842049,3.15174E-05,0.175096667,0.690871154,0.421721616,1.11259277,0.194811285,38.97862811,85.04582127,139.0172708,0.041,0.1,12.19,0.001219,82.03445447,0.0041,3.363412633,0.197350827,0.03287222,9.867785103
52,56D,down,23,Low,35,0.103,0.202,0.103,0.201,0.103,0.201,1.8,0.012393333,0.103,0.201333333,2.098903333,1.193876667,2.09890333333333E-06,1.19387666666667E-06,2.09890333333333E-05,1.19387666666667E-05,0.116605741,0.066326481,0.000130503,7.30894481156198E-05,0.130503006,0.073089448,3.29278E-05,0.182932222,0.7133954,0.399543871,1.11293927,0.203592454,16.42757832,101.751154,191.8127637,0.065,0.12,22.88,0.002288,52.44755245,0.0078,3.409090909,0.232952235,0.04474859,6.226233681
53,57D,down,23,Low,70,0.109,0.222,0.107,0.217,0.11,0.219,1.8,0.007240962,0.108666667,0.219333333,2.298773333,1.222726667,2.29877333333333E-06,1.22272666666667E-06,2.29877333333333E-05,1.22272666666667E-05,0.12770963,0.067929259,0.00014293,7.48556528141528E-05,0.142930275,0.074855653,3.5215E-05,0.195638889,0.730582122,0.382621539,1.113203661,0.217785927,30.0769347,119.2969865,186.651867,0.055,0.26,34.23,0.003423,75.95676307,0.0143,4.177621969,0.222877617,0.035533962,7.360024206
54,58D,down,23,Low,105,0.097,0.195,0.098,0.196,0.1,0.198,1.8,0.041974583,0.098333333,0.196333333,2.054053333,1.117856667,2.05405333333333E-06,1.11785666666667E-06,2.05405333333333E-05,1.11785666666667E-05,0.114114074,0.062103148,0.000127714,6.84354834299185E-05,0.127714378,0.068435483,3.17191E-05,0.176217222,0.724755371,0.388358655,1.113114026,0.196149862,4.673062746,109.0323465,167.6786899,0.131,0.12,38.45,0.003845,31.20936281,0.01572,4.088426528,0.208144664,0.032618359,3.089837684
55,5D,top,37,High,140,0.083,0.149,0.085,0.153,0.086,0.157,1.8,0.0601656,0.084666667,0.153,1.57297,1.04786,1.57297E-06,1.04786E-06,1.57297E-05,1.04786E-05,0.087387222,0.058214444,9.78021759378431E-05,6.41502688181917E-05,0.097802176,0.064150269,2.62083E-05,0.145601667,0.671710552,0.440587462,1.112298015,0.161952445,2.691778105,98.81901275,148.804951,0.129,0.1,46.64,0.004664,21.44082333,0.0129,2.765866209,0.278853092,0.042788459,3.135441902
56,60D,down,23,Low,210,0.121,0.261,0.118,0.258,0.121,0.262,1.8,0.031621638,0.12,0.260333333,2.759463333,1.253826667,2.75946333333333E-06,1.25382666666667E-06,2.75946333333333E-05,1.25382666666667E-05,0.153303519,0.069657037,0.000171574,7.67596031130913E-05,0.171574485,0.076759603,4.01329E-05,0.222960556,0.769528426,0.344274362,1.113802789,0.248334089,7.853296055,149.634308,231.0384697,0.138,0.26,59.577,0.0059577,43.6410024,0.03588,6.022458331,0.1939204,0.030510613,2.93492171
57,63D,down,23,Low,630,0.12,0.278,0.126,0.291,0.122,0.279,1.8,0.03177636,0.122666667,0.282666667,3.022506667,1.193653333,3.02250666666667E-06,1.19365333333333E-06,3.02250666666667E-05,1.19365333333333E-05,0.167917037,0.066314074,0.00018793,7.30757755893573E-05,0.187929667,0.073075776,4.21616E-05,0.234231111,0.802325816,0.311981509,1.114307325,0.261005443,8.213824456,105.987697,166.9231469,0.181,0.25,43.89,0.004389,56.96058328,0.04525,10.30986557,0.080235872,0.012876683,2.23868875
58,64D,down,23,Low,0,0.084,0.151,0.087,0.156,0.083,0.15,1.8,0.006461538,0.084666667,0.152333333,1.564843333,1.051406667,1.56484333333333E-06,1.05140666666667E-06,1.56484333333333E-05,1.05140666666667E-05,0.086935741,0.058411481,9.72968861464793E-05,6.4367396697942E-05,0.097296886,0.064367397,2.61625E-05,0.145347222,0.669410015,0.44285261,1.112262624,0.161664283,25.01947234,81.4545566,133.6264709,0.048,0.13,17.5,0.00175,74.28571429,0.00624,3.565714286,0.178293276,0.029804812,8.426232003
59,65D,down,23,Low,35,0.087,0.16,0.097,0.178,0.088,0.165,1.8,0.0087486,0.090666667,0.167666667,1.731056667,1.101773333,1.73105666666667E-06,1.10177333333333E-06,1.73105666666667E-05,1.10177333333333E-05,0.096169815,0.06120963,0.000107631,6.74508574714642E-05,0.107631492,0.067450857,2.83283E-05,0.157379444,0.683898033,0.428587467,1.1124855,0.17508235,20.01261344,128.3361448,206.375182,0.063,0.15,20.83,0.002083,72.01152184,0.00945,4.536725876,0.220786529,0.036178901,6.421272726
60,67D,down,23,Low,105,0.115,0.232,0.114,0.232,0.114,0.233,1.8,0.008503375,0.114333333,0.232333333,2.437693333,1.278176667,2.43769333333333E-06,1.27817666666667E-06,2.43769333333333E-05,1.27817666666667E-05,0.135427407,0.071009815,0.000151568,7.82503166108134E-05,0.15156787,0.078250317,3.71587E-05,0.206437222,0.734208048,0.379051393,1.11325944,0.229818186,27.02670251,119.2677895,189.4920496,0.059,0.24,34.59,0.003459,69.38421509,0.01416,4.09366869,0.227392743,0.036814486,6.8613833
61,68D,down,23,Low,140,0.104,0.213,0.105,0.212,0.106,0.214,1.8,0.032262387,0.105,0.213,2.23422,1.17579,2.23422E-06,1.17579E-06,2.23422E-05,1.17579E-05,0.124123333,0.065321667,0.000138917,7.19821775559155E-05,0.138916558,0.071982178,3.41001E-05,0.189445,0.733281731,0.379963459,1.11324519,0.210898735,6.536984832,237.7204335,314.0105858,0.135,0.31,74.084,0.0074084,41.84439285,0.04185,5.648993035,0.328444199,0.044209305,2.998640244
62,69D,down,23,Low,210,0.1,0.204,0.1,0.204,0.1,0.204,1.8,0.052050087,0.1,0.204,2.14176,1.11372,2.14176E-06,1.11372E-06,2.14176E-05,1.11372E-05,0.118986667,0.061873333,0.000133168,6.81822355927285E-05,0.133167694,0.068182236,3.25548E-05,0.18086,0.736302634,0.376989028,1.113291662,0.20134993,3.868387967,231.76187,310.5014055,0.179,0.23,66.88,0.006688,34.38995215,0.04117,6.155801435,0.293848518,0.040116164,2.261638725
63,6D,down,37,High,210,0.077,0.137,0.08,0.143,0.081,0.144,1.8,0.050604313,0.079333333,0.141333333,1.449153333,0.992646667,1.44915333333333E-06,9.92646666666666E-07,1.44915333333333E-05,9.92646666666666E-06,0.080508519,0.055147037,9.01036569467813E-05,6.07700938180182E-05,0.090103657,0.060770094,2.4418E-05,0.135655556,0.664209118,0.447973499,1.112182617,0.150873751,2.981440579,106.7685165,155.063907,0.161,0.16,50.29,0.005029,31.81547027,0.02576,5.122290714,0.162684099,0.024076144,2.511987842
64,70D,down,23,Low,280,0.097,0.197,0.098,0.198,0.1,0.206,1.8,0.052128778,0.098333333,0.200333333,2.102813333,1.096576667,2.10281333333333E-06,1.09657666666667E-06,2.10281333333333E-05,1.09657666666667E-05,0.116822963,0.060920926,0.000130746,6.71327161514165E-05,0.130746117,0.067132716,3.19939E-05,0.177743889,0.735587129,0.377693526,1.113280655,0.197878833,3.795961493,305.326065,428.9686331,0.179,0.18,52.42,0.005242,34.33803892,0.03222,6.146508966,0.387705072,0.055505683,2.261616364
65,71D,down,23,Low,350,0.098,0.205,0.1,0.207,0.098,0.205,1.8,0.045376579,0.098666667,0.205666667,2.166676667,1.075533333,2.16667666666667E-06,1.07553333333333E-06,2.16667666666667E-05,1.07553333333333E-05,0.120370926,0.059751852,0.000134717,6.58444376694016E-05,0.134716932,0.065844438,3.24221E-05,0.180122778,0.747917247,0.365553088,1.113470335,0.20056137,4.419931479,215.5800538,291.6777576,0.153,0.19,56.35,0.005635,33.71783496,0.02907,5.158828749,0.326154659,0.044966868,2.646394141
66,72D,down,23,Low,630,0.087,0.177,0.089,0.179,0.086,0.176,1.8,0.04868325,0.087333333,0.177333333,1.860393333,0.977046667,1.86039333333333E-06,9.77046666666666E-07,1.86039333333333E-05,9.77046666666666E-06,0.103355185,0.05428037,0.000115673,5.98150576552066E-05,0.115673227,0.059815058,2.83744E-05,0.157635556,0.733801627,0.379451561,1.113253188,0.175488285,3.604695348,203.9889023,254.8446276,0.154,0.16,50.58,0.005058,31.63305654,0.02464,4.871490708,0.326821624,0.041605815,2.628697021
67,73D,top,30,Medium,0,0.086,0.157,0.084,0.152,0.086,0.153,1.8,0.00391645,0.085333333,0.154,1.58286,1.0572,1.58286E-06,1.0572E-06,1.58286E-05,1.0572E-05,0.087936667,0.058733333,9.84171040801632E-05,6.47220661105417E-05,0.098417104,0.064722066,2.64006E-05,0.14667,0.671010459,0.441276785,1.112287245,0.16313917,41.6548584,71.66981359,104.2807691,0.037,0.2,21.17,0.002117,94.47331129,0.0074,3.495512518,0.160026363,0.023726507,10.93156997
68,74D,top,30,Medium,35,0.082,0.141,0.081,0.141,0.081,0.141,1.8,0.014112,0.081333333,0.141,1.43819,1.0384,1.43819E-06,1.0384E-06,1.43819E-05,1.0384E-05,0.079899444,0.057688889,8.94219924169225E-05,6.357112509382E-05,0.089421992,0.063571125,2.47659E-05,0.137588333,0.649924236,0.46203863,1.111962866,0.152993118,10.84134903,87.10229164,138.1567946,0.063,0.18,40.32,0.004032,44.64285714,0.01134,2.8125,0.241714761,0.039067908,6.418256083
69,75D,top,30,Medium,70,0.104,0.184,0.097,0.182,0.093,0.175,1.8,0.024811143,0.098,0.180333333,1.860163333,1.195646667,1.86016333333333E-06,1.19564666666667E-06,1.86016333333333E-05,1.19564666666667E-05,0.103342407,0.066424815,0.000115659,7.31978079879388E-05,0.115658926,0.073197808,3.05581E-05,0.169767222,0.681279489,0.431165728,1.112445218,0.188856734,7.611770871,116.3339792,166.5916907,0.074,0.14,46.94,0.004694,29.8253089,0.01036,2.207072859,0.411392183,0.06003121,5.466561266
70,76D,top,30,Medium,105,0.093,0.18,0.099,0.194,0.1,0.193,1.8,0.031224375,0.097333333,0.189,1.96811,1.13488,1.96811E-06,1.13488E-06,1.96811E-05,1.13488E-05,0.109339444,0.063048889,0.000122371,6.94776564392089E-05,0.1223707,0.069477656,3.10299E-05,0.172388333,0.709854884,0.403029921,1.112884805,0.191848357,6.144185649,107.9521231,181.3976546,0.105,0.24,71.37,0.007137,33.62757461,0.0252,3.530895334,0.23862309,0.040858955,3.854146512
71,77D,top,30,Medium,140,0.103,0.2,0.104,0.201,0.103,0.199,1.8,0.025203,0.103333333,0.2,2.0815,1.2083,2.0815E-06,1.2083E-06,2.0815E-05,1.2083E-05,0.115638889,0.067127778,0.000129421,7.39724484311082E-05,0.129420923,0.073972448,3.2898E-05,0.182766667,0.708121045,0.404737088,1.112858133,0.203393371,8.070204793,137.4276414,225.3093762,0.093,0.25,67.75,0.006775,36.900369,0.02325,3.431734317,0.312555076,0.052216294,4.351351448
72,78D,top,30,Medium,210,0.101,0.181,0.088,0.168,0.086,0.164,1.8,0.023790938,0.091666667,0.171,1.76824,1.10603,1.76824E-06,1.10603E-06,1.76824E-05,1.10603E-05,0.098235556,0.061446111,0.000109943,6.77114517406758E-05,0.109943432,0.067711452,2.87427E-05,0.159681667,0.688516308,0.424040237,1.112556545,0.177654883,7.467334288,129.7305665,176.9598483,0.099,0.32,76.9,0.00769,41.61248375,0.03168,4.119635891,0.245781734,0.034163027,4.086525417
73,79D,top,30,Medium,280,0.109,0.215,0.109,0.215,0.109,0.216,1.8,0.024310737,0.109,0.215333333,2.248863333,1.251336667,2.24886333333333E-06,1.25133666666667E-06,2.24886333333333E-05,1.25133666666667E-05,0.124936852,0.069518704,0.000139827,7.66071646486426E-05,0.139827033,0.076607165,3.5002E-05,0.194455556,0.719069363,0.393957192,1.113026555,0.216434197,8.902823415,152.7335135,229.1202374,0.096,0.38,96.23,0.009623,39.48872493,0.03648,3.790917593,0.314453274,0.048068386,4.21600968
74,80D,top,30,Medium,350,0.111,0.226,0.106,0.211,0.112,0.226,1.8,0.022572268,0.109666667,0.221,2.31564,1.23585,2.31564E-06,1.23585E-06,2.31564E-05,1.23585E-05,0.128646667,0.068658333,0.000143979,7.56590667827403E-05,0.143978989,0.075659067,3.55149E-05,0.197305,0.729728031,0.383462491,1.113190522,0.219638056,9.73043795,197.3758042,222.4970311,0.101,0.41,91.63,0.009163,44.7451708,0.04141,4.51926225,0.340872912,0.039155891,4.007886669
75,81D,top,30,Medium,630,0.102,0.201,0.11,0.219,0.107,0.215,1.8,0.040821973,0.106333333,0.211666667,2.213366667,1.212203333,2.21336666666667E-06,1.21220333333333E-06,2.21336666666667E-05,1.21220333333333E-05,0.122964815,0.06734463,0.00013762,7.42114115393673E-05,0.137619965,0.074211412,3.42557E-05,0.190309444,0.723137863,0.38995128,1.113089143,0.211831376,5.189150866,105.9023295,152.4138062,0.149,0.37,101.37,0.010137,36.49995068,0.05513,5.438492651,0.151982327,0.022288775,2.716507975
76,82D,top,30,Medium,0,0.076,0.13,0.08,0.133,0.076,0.13,1.8,0.007474182,0.077333333,0.131,1.33009,1.00364,1.33009E-06,1.00364E-06,1.33009E-05,1.00364E-05,0.073893889,0.055757778,8.2700684814819E-05,6.14431086182218E-05,0.082700685,0.061443109,2.33373E-05,0.129651667,0.637868274,0.473909131,1.111777404,0.144143793,19.28556154,79.67966006,129.6669855,0.043,0.11,19.12,0.001912,57.53138075,0.00473,2.473849372,0.251385568,0.041686612,9.401923081
77,83D,top,30,Medium,35,0.094,0.171,0.095,0.173,0.108,0.204,1.8,0.014005179,0.099,0.182666667,1.885156667,1.205223333,1.88515666666667E-06,1.20522333333333E-06,1.88515666666667E-05,1.20522333333333E-05,0.104730926,0.066956852,0.000117213,7.37840940767759E-05,0.117212931,0.073784094,3.09038E-05,0.171687778,0.682709815,0.429757406,1.112467221,0.190997025,13.63760012,130.6912097,198.3711901,0.065,0.14,30.165,0.0030165,46.41140394,0.0091,3.016741256,0.338122785,0.052297505,6.223592845
78,84D,top,30,Medium,70,0.088,0.162,0.091,0.167,0.09,0.164,1.8,0.024733571,0.089666667,0.164333333,1.693873333,1.097516667,1.69387333333333E-06,1.09751666666667E-06,1.69387333333333E-05,1.09751666666667E-05,0.094104074,0.060973148,0.00010532,6.71902632022526E-05,0.105319553,0.067190263,2.79139E-05,0.155077222,0.679142635,0.433269711,1.112412346,0.172509817,6.974723283,160.8303119,268.2004825,0.093,0.21,55.85,0.005585,37.6007162,0.01953,3.496866607,0.358967359,0.060998748,4.349608389
79,86D,top,30,Medium,140,0.093,0.177,0.097,0.183,0.093,0.178,1.8,0.034896211,0.094333333,0.179333333,1.860623333,1.120336667,1.86062333333333E-06,1.12033666666667E-06,1.86062333333333E-05,1.12033666666667E-05,0.103367963,0.062240926,0.000115688,6.85873096916988E-05,0.115687528,0.06858731,2.98096E-05,0.165608889,0.698558686,0.414152345,1.112711031,0.184274837,5.280654682,105.5786556,156.818358,0.124,0.19,53.47,0.005347,35.53394427,0.02356,4.406209089,0.187015304,0.028305591,3.263082202
80,87D,top,30,Medium,210,0.099,0.192,0.099,0.192,0.097,0.191,1.8,0.026878065,0.098333333,0.191666667,1.997166667,1.142683333,1.99716666666667E-06,1.14268333333333E-06,1.99716666666667E-05,1.14268333333333E-05,0.110953704,0.063482407,0.000124177,6.99553785881708E-05,0.12417735,0.069955379,3.13985E-05,0.174436111,0.711878687,0.401037252,1.112915938,0.194132728,7.222719781,136.3184574,189.0216323,0.108,0.31,77.15,0.007715,40.18146468,0.03348,4.339598185,0.245172223,0.034641957,3.747191711
81,88D,top,30,Medium,280,0.093,0.18,0.098,0.188,0.094,0.185,1.8,0.050449104,0.095,0.184333333,1.919273333,1.108396667,1.91927333333333E-06,1.10839666666667E-06,1.91927333333333E-05,1.10839666666667E-05,0.106626296,0.061577593,0.000119334,6.78563397055468E-05,0.119334195,0.06785634,3.02767E-05,0.168203889,0.709461568,0.403417187,1.112878755,0.187190534,3.710482856,95.1237374,139.1577279,0.163,0.27,83.566,0.0083566,32.30979106,0.04401,5.266495943,0.140972134,0.021014836,2.482718917
82,89D,top,30,Medium,350,0.115,0.201,0.1,0.194,0.101,0.196,1.8,0.03575329,0.105333333,0.197,2.03803,1.26824,2.03803E-06,1.26824E-06,2.03803E-05,1.26824E-05,0.113223889,0.070457778,0.000126718,7.76419912259114E-05,0.126718099,0.077641991,3.30627E-05,0.183681667,0.689878863,0.422698643,1.112577506,0.204360091,5.715840099,119.1558953,163.3086435,0.128,0.31,86.59,0.008659,35.8009008,0.03968,4.582515302,0.202944708,0.028342991,3.16073155
83,90D,top,30,Medium,630,0.093,0.176,0.096,0.184,0.099,0.193,1.8,0.029800515,0.096,0.184333333,1.915823333,1.130386667,1.91582333333333E-06,1.13038666666667E-06,1.91582333333333E-05,1.13038666666667E-05,0.10643463,0.062799259,0.00011912,6.92025733735102E-05,0.119119685,0.069202573,3.04621E-05,0.169233889,0.703876071,0.408916759,1.112792831,0.188322258,6.319429624,109.0238506,165.4607888,0.131,0.33,75.07,0.007507,43.95897163,0.04323,5.758625283,0.147764061,0.022851605,3.088946095
84,91D,down,30,Medium,0,0.082,0.147,0.083,0.149,0.08,0.143,1.8,0.010740429,0.081666667,0.146333333,1.502053333,1.017356667,1.50205333333333E-06,1.01735666666667E-06,1.50205333333333E-05,1.01735666666667E-05,0.083447407,0.056519815,9.33928074754702E-05,6.22828466118051E-05,0.093392807,0.062282847,2.51941E-05,0.139967222,0.667247703,0.444981658,1.112229361,0.155675654,14.49436147,63.21192651,102.8572064,0.057,0.07,13.19,0.001319,53.07050796,0.00399,3.025018954,0.163093648,0.027042514,7.09556211
85,92D,down,30,Medium,35,0.075,0.127,0.082,0.143,0.081,0.141,1.8,0.012050526,0.079333333,0.137,1.39633,1.0157,1.39633E-06,1.0157E-06,1.39633E-05,1.0157E-05,0.077573889,0.056427778,8.68192733029165E-05,6.21814250363954E-05,0.086819273,0.062181425,2.41203E-05,0.134001667,0.647896966,0.464034714,1.11193168,0.149000698,12.36466312,109.2582642,176.2733147,0.053,0.19,43.2,0.00432,43.98148148,0.01007,2.331018519,0.365826106,0.060142473,7.629033825
86,93D,down,30,Medium,70,0.092,0.171,0.099,0.189,0.091,0.168,1.8,0.030843313,0.094,0.176,1.82114,1.13074,1.82114E-06,1.13074E-06,1.82114E-05,1.13074E-05,0.101174444,0.062818889,0.000113233,6.92242045344627E-05,0.113232582,0.069224205,2.95188E-05,0.163993333,0.690470642,0.422115967,1.112586609,0.182456787,5.915602828,69.22041628,106.69191,0.091,0.16,54.23,0.005423,29.5039646,0.01456,2.684860778,0.201223435,0.031604589,4.445900536
87,95D,down,30,Medium,140,0.087,0.161,0.089,0.166,0.086,0.159,1.8,0.044561833,0.087333333,0.162,1.67348,1.05862,1.67348E-06,1.05862E-06,1.67348E-05,1.05862E-05,0.092971111,0.058812222,0.000104052,6.48089988894643E-05,0.104051562,0.064808999,2.7321E-05,0.151783333,0.685526926,0.426983632,1.112510558,0.168860561,3.789353987,133.9418814,173.6056273,0.131,0.18,61.23,0.006123,29.39735424,0.02358,3.851053405,0.271458206,0.035852933,3.088162548
88,97D,down,30,Medium,280,0.093,0.178,0.093,0.178,0.09,0.174,1.8,0.054935294,0.092,0.176666667,1.836166667,1.083213333,1.83616666666667E-06,1.08321333333333E-06,1.83616666666667E-05,1.08321333333333E-05,0.102009259,0.060178519,0.000114167,6.63146093187858E-05,0.114166892,0.066314609,2.91938E-05,0.162187778,0.703917972,0.408875504,1.112793475,0.180481501,3.285346948,94.35079407,125.7632641,0.15,0.17,62.26,0.006226,27.30485063,0.0255,4.095727594,0.179796245,0.024420985,2.697681152
89,98D,down,30,Medium,350,0.086,0.159,0.086,0.162,0.084,0.158,1.8,0.0502384,0.085333333,0.159666667,1.651936667,1.027053333,1.65193666666667E-06,1.02705333333333E-06,1.65193666666667E-05,1.02705333333333E-05,0.091774259,0.057058519,0.000102712,6.28764791326639E-05,0.102712067,0.062876479,2.67899E-05,0.148832778,0.69011725,0.422463923,1.112581173,0.165588546,3.296055337,120.4360786,183.1602356,0.17,0.25,73.88,0.007388,33.83865728,0.0425,5.752571738,0.163403248,0.025322675,2.379852776
90,99D,down,30,Medium,630,0.086,0.164,0.083,0.154,0.095,0.19,1.8,0.050017273,0.088,0.169333333,1.760573333,1.034266667,1.76057333333333E-06,1.03426666666667E-06,1.76057333333333E-05,1.03426666666667E-05,0.09780963,0.057459259,0.000109467,6.33180813241862E-05,0.109466743,0.063318081,2.79484E-05,0.155268889,0.705014017,0.407796319,1.112810336,0.172784824,3.454503115,117.8113045,179.2932337,0.148,0.22,74.35,0.007435,29.58977808,0.03256,4.379287155,0.209966333,0.032561238,2.73417773