curve_level_data,,,,,,,,,,,,,,
plant_id,treatment,id,leaf_temp,Tleaf_mean,Tleaf_sd,Tleaf_min,Tleaf_max,Tk,obs_vcmax,obs_jmax,obs_Vcmax25,obs_Jmax25,n_Aci_points,Tleaf_range
100D,30,100D_15,15,20.409148,0.174851923,20.24060714,20.82465667,293.559148,33.01583772,76.1539613,55.60278107,95.83998447,96,0.584049524
100D,30,100D_20,20,23.76927288,0.275898525,23.50444074,24.40566333,296.9192729,50.9113843,98.12079745,58.45411578,104.0122053,96,0.901222593
100D,30,100D_25,25,26.52659042,0.029265655,26.49271786,26.59655,299.6765904,62.8395265,112.8751524,53.02657945,105.5260857,96,0.103832143
100D,30,100D_30,30,29.88500596,0.170457212,29.66469286,30.18484643,303.035006,85.63304734,133.2916366,50.03740357,110.7255367,96,0.520153571
100D,30,100D_35,35,33.10604031,0.147091979,32.91035556,33.38215714,306.2560403,110.1530209,129.6381522,45.58900149,102.7005861,96,0.471801587
101D,30,101D_15,15,25.40310694,0.059411104,25.32950769,25.58081538,298.5531069,150.7008881,208.1676489,144.0692053,204.3773287,96,0.251307692
101D,30,101D_20,20,26.96307993,0.11837598,26.79766923,27.24136154,300.1130799,172.4537145,230.7829684,138.6715308,211.9106864,96,0.443692308
101D,30,101D_25,25,29.43341309,0.171396513,29.239725,29.88083077,302.5834131,201.9792078,247.6306179,123.9411792,208.3365263,96,0.641105769
101D,30,101D_30,30,31.17534162,0.183054708,30.98197692,31.65416154,304.3253416,225.2970963,257.4825595,114.5573662,207.7744085,96,0.672184615
101D,30,101D_35,35,32.8759236,0.098560923,32.75574615,33.10987692,306.0259236,265.5904994,281.3777668,112.6348725,222.9902669,96,0.354130769
101D,30,101D_40,40,35.69521346,0.175432794,35.4482125,36.15572308,308.8452135,330.4343172,306.4492467,104.185695,252.1354779,96,0.707510577
102D,30,102D_15,15,21.01462614,0.125238508,20.87203704,21.26803548,294.1646261,61.59458478,120.6127296,96.75116421,147.0158967,96,0.395998447
102D,30,102D_20,20,24.25736043,0.054048137,24.18464643,24.34331667,297.4073604,87.37013399,146.4506626,94.95298381,151.6393883,96,0.158670238
102D,30,102D_25,25,27.22750102,0.053534641,27.10634194,27.31449286,300.377501,112.4078735,173.6003822,87.79145423,157.7264539,96,0.208150922
102D,30,102D_30,30,29.87654517,0.031293949,29.83018571,29.94402143,303.0265452,162.571523,217.1259368,95.08138338,180.4077073,96,0.113835714
102D,30,102D_35,35,32.44264673,0.05765098,32.36985185,32.62256429,305.5926467,200.8066409,240.8696598,89.17307259,191.2912693,96,0.252712434
102D,30,102D_40,40,35.27174417,0.170781403,35.07787037,35.66739643,308.4217442,243.4695239,264.7681502,80.23322462,215.2586747,96,0.589526058
103D,30,103D_15,15,22.99209706,0.523969651,22.19242308,23.93585625,296.1420971,94.65948921,158.7219222,118.661539,174.8176446,97,1.743433173
103D,30,103D_20,20,25.14661192,0.166454676,24.95643077,25.46143846,298.2966119,131.2479758,196.6586843,129.1153923,195.3399035,97,0.505007692
103D,30,103D_25,25,27.61221224,0.093944194,27.50822308,27.79372667,300.7622122,154.6365589,220.6998062,115.7681958,197.5465395,97,0.28550359
103D,30,103D_30,30,30.75552283,0.291060917,30.44410769,31.3485875,303.9055228,200.1683564,242.6804664,106.4764385,197.4343801,97,0.904479808
103D,30,103D_35,35,32.51040892,0.104145403,32.41366923,32.79449167,305.6604089,206.286181,244.6034376,90.94836464,194.169057,97,0.380822436
103D,30,103D_40,40,35.58732898,0.305782791,35.20980769,36.15605385,308.737329,243.1311969,256.3277573,77.52588045,210.2090915,97,0.946246154
104D,30,104D_15,15,19.89609514,0.035305588,19.85820714,19.98498333,293.0460951,71.37472325,150.503533,127.5433454,194.6654971,96,0.12677619
104D,30,104D_20,20,23.26810901,0.120438851,23.13269286,23.5387129,296.418109,101.9684249,184.9212884,123.8914414,200.9004173,96,0.406020046
104D,30,104D_25,25,26.69706355,0.115458777,26.57742222,26.94855484,299.8470635,144.4205539,220.9423295,119.5919406,205.095826,96,0.371132616
104D,30,104D_30,30,29.58227387,0.073745197,29.4672037,29.74529286,302.7322739,182.9371732,248.1419214,110.4580396,207.8670021,96,0.278089153
104D,30,104D_35,35,33.11678665,0.170589772,32.93523,33.51877037,306.2667867,247.7009471,269.8929083,102.399271,213.8110107,96,0.58354037
104D,30,104D_40,40,35.51486154,0.788865677,33.81643871,36.43413333,308.6648615,283.1650439,297.3607349,90.97615939,243.3461508,96,2.617694624
105D,30,105D_15,15,24.72672731,0.105587039,24.59490769,24.9041375,297.8767273,102.7030109,149.8362876,105.8919376,151.7472504,97,0.309229808
105D,30,105D_20,20,26.8341224,0.353811899,26.15961333,27.38185385,299.9841224,98.34082678,143.6856142,80.2103832,132.630033,97,1.222240513
105D,30,105D_25,25,29.17547019,0.1230594,29.00318,29.47856154,302.3254702,147.6027853,179.7852489,93.14785815,152.4378805,96,0.475381538
105D,30,105D_30,30,31.36876451,0.086457191,31.1945625,31.57337692,304.5187645,191.1513535,203.0341164,95.20000757,163.2966046,97,0.378814423
105D,30,105D_35,35,32.8517512,0.169641952,32.66363846,33.30697692,306.0017512,190.6699169,195.5737529,81.06932475,155.0017754,96,0.643338462
105D,30,105D_40,40,34.26424015,0.12984349,34.07497692,34.47851538,307.4142401,293.1504932,261.9379453,107.3645965,208.9475716,192,0.403538462
106D,30,106D_15,15,23.69074782,0.195138249,23.49232308,24.10720769,296.8407478,88.65806279,137.062682,102.6983703,145.8484583,97,0.614884615
106D,30,106D_20,20,26.837478,0.305603773,26.46861538,27.50859375,299.987478,137.8535123,168.0904648,112.3967215,155.1358044,97,1.039978365
106D,30,106D_25,25,28.2957193,0.06781523,28.16794375,28.4377,301.4457193,131.6860158,163.2490291,91.47026964,142.5055611,96,0.26975625
106D,30,106D_30,30,31.41930611,0.113691367,31.28656154,31.74105,304.5693061,165.5932735,159.5577892,82.02579138,128.224822,96,0.454488462
106D,30,106D_35,35,33.86177989,0.293349144,33.37383333,34.41049231,307.0117799,186.4706494,167.8782525,71.24998423,133.3660533,97,1.036658974
106D,30,106D_40,40,34.76023097,0.500180644,34.19146,35.91251538,307.910231,204.6650192,182.6892818,71.1540217,146.8657105,96,1.721055385
107D,30,107D_20,20,26.85964088,0.315289525,26.42668462,27.5198125,300.0096409,134.4137628,133.2264271,109.3243101,122.8473946,97,1.093127885
107D,30,107D_25,25,28.67731502,0.118143106,28.53818462,28.94948333,301.827315,116.5911869,132.1991035,77.67927004,113.8998755,97,0.411298718
107D,30,107D_40,40,34.92113051,0.392758409,34.47156923,35.65148667,308.0711305,589.8996822,177.2195378,201.6570655,142.921755,96,1.179917436
108D,30,108D_15,15,21.16846576,0.065907642,21.08676429,21.28955556,294.3184658,53.91841137,105.7830181,83.21124323,127.9047739,192,0.20279127
108D,30,108D_20,20,24.34886963,0.071120445,24.24599643,24.49819259,297.4988696,80.99339856,130.3786209,87.12274903,134.4115534,192,0.252196164
108D,30,108D_25,25,28.25862387,0.168189674,28.12352222,28.65111613,301.4086239,169.4875305,182.6369488,118.2061598,159.638718,192,0.527593907
108D,30,108D_30,30,31.05141442,0.046537186,30.98891481,31.11862222,304.2014144,175.846075,186.2858581,90.61028384,150.6643577,192,0.129707407
108D,30,108D_35,35,34.00499902,0.166549811,33.75757,34.34267143,307.154999,170.6703633,159.645977,64.23588434,126.9845138,192,0.585101429
108D,30,108D_40,40,36.51939974,0.059780614,36.36582258,36.60108148,309.6693997,312.7484891,269.1449643,90.51615669,228.2565458,192,0.235258901
10D,37,10D_35,35,33.5239,0.320981205,33.07868667,34.12451538,306.6739,102.9439985,84.11806791,40.76273295,66.69034862,96,1.045828718
10D,37,10D_40,40,35.45949207,0.138551386,35.28629231,35.77525385,308.6094921,181.1002337,115.0301264,58.52152134,93.98836318,96,0.488961538
11D,37,11D_15,15,19.90725271,0.048888725,19.85478214,20.01218387,293.0572527,39.08853772,84.80965188,69.75929326,109.6296155,96,0.157401728
11D,37,11D_30,30,29.4454147,0.171164456,29.27542857,29.78893667,302.5954147,128.758154,148.7569512,78.90744623,125.108003,96,0.513508095
11D,37,11D_35,35,32.03005082,0.106046477,31.94013214,32.25399677,305.1800508,163.2651116,164.659564,75.76048432,131.2475969,96,0.313864631
13D,37,13D_15,15,21.3783738,0.272173546,21.14373077,21.93873125,294.5283738,76.44589048,119.2560975,115.1723669,142.6244431,96,0.795000481
13D,37,13D_20,20,24.13202253,0.043739148,24.07463846,24.21783077,297.2820225,97.17371195,159.748712,107.1057142,166.4022163,96,0.143192308
13D,37,13D_30,30,30.21645369,0.205475744,30.02204667,30.75731538,303.3664537,224.9289441,270.2340236,126.8055854,222.576826,98,0.735268718
13D,37,13D_35,35,32.31395592,0.166311264,32.15205385,32.71780769,305.4639559,246.8833432,270.9765101,111.1468954,215.4110375,96,0.565753846
13D,37,13D_40,40,35.85046274,0.136803355,35.69205385,36.05870769,309.0004627,373.612411,302.2515662,115.9106467,249.9241034,96,0.366653846
14D,37,14D_20,20,22.49221422,0.12355066,22.25243226,22.64677407,295.6422142,63.0605587,96.83042317,83.66523822,109.3637951,96,0.394341816
14D,37,14D_25,25,25.81437219,0.023478188,25.78259286,25.85681429,298.9643722,138.4352322,199.9304575,126.4200892,192.7255134,96,0.074221429
14D,37,14D_30,30,29.19509937,0.175221243,28.97008148,29.55202667,302.3450994,179.574413,232.2930195,113.0826483,196.8395705,96,0.581945185
14D,37,14D_35,35,32.15300041,0.08282411,32.03701852,32.28166667,305.3030004,251.6989451,280.8980406,115.2751283,223.6187624,96,0.244648148
14D,37,14D_40,40,35.09724829,0.056811051,35.00236207,35.18657037,308.2472483,251.0605979,244.1279408,84.25771091,197.6421062,96,0.184208301
15D,37,15D_25,25,27.02654141,0.232187851,26.73332308,27.37370769,300.1765414,152.3634121,180.9939638,121.6620621,165.7679435,96,0.640384615
15D,37,15D_30,30,30.51089194,0.32858267,30.2036,31.161775,303.6608919,221.4104456,198.464487,120.9196204,162.32751,96,0.958175
15D,37,15D_35,35,31.57337011,0.251107799,31.2904,32.14571538,304.7233701,191.9754406,197.1479264,93.53822356,158.0602082,96,0.855315385
15D,37,15D_40,40,34.57597637,0.238839077,34.33359231,35.11822308,307.7259764,280.3342458,213.5340918,99.36296426,171.1075744,96,0.784630769
16D,37,16D_20,20,23.90846494,0.333942037,23.56241111,24.65967,297.0584649,122.6621931,154.4195312,138.6436917,162.5908232,96,1.097258889
16D,37,16D_25,25,26.55808122,0.027252596,26.52928519,26.65672222,299.7080812,129.4659773,176.2938252,108.8687316,164.5985173,96,0.127437037
16D,37,16D_30,30,29.76889057,0.037786479,29.7191,29.86535,302.9188906,212.0323744,222.9962097,125.4627536,185.8277511,96,0.14625
16D,37,16D_35,35,33.06274188,0.084773082,32.949725,33.27492143,306.2127419,230.6838156,237.4808607,95.91210695,188.1395125,288,0.325196429
16D,37,16D_40,40,35.94177566,0.096775778,35.83698889,36.11231786,309.0917757,306.6140075,264.1821463,94.22536565,219.1207066,288,0.275328968
17D,37,17D_15,15,22.45624862,0.067333732,22.34650769,22.6001875,295.6062486,81.77154803,132.775702,108.9345323,150.2351849,192,0.253679808
17D,37,17D_20,20,24.96515206,0.094672766,24.83031333,25.17135385,298.1151521,105.3136628,148.164021,105.7247833,148.4022618,96,0.341040513
17D,37,17D_25,25,27.49208148,0.164065287,27.30794615,27.8236875,300.6420815,156.4115925,199.3580337,118.653311,179.2670134,96,0.515741346
17D,37,17D_30,30,29.71318307,0.153837375,29.53990769,30.0154,302.8631831,195.8396502,229.7230695,116.5826406,191.7284865,96,0.475492308
17D,37,17D_35,35,31.40807237,0.078856583,31.31946154,31.61831538,304.5580724,237.3501057,270.2306803,117.7117571,217.203426,96,0.298853846
18D,37,18D_20,20,24.8139198,0.147898602,24.56033077,25.04369231,297.9639198,59.36703073,90.29054874,60.6157205,91.07142317,96,0.483361538
18D,37,18D_25,25,28.19332146,0.051588498,28.13526923,28.30200769,301.3433215,109.3081607,111.5381494,76.78173159,97.71924436,97,0.166738462
18D,37,18D_30,30,31.0901341,0.043848911,31.02505385,31.19002308,304.2401341,129.6527102,129.870143,66.53050585,104.9605973,96,0.164969231
18D,37,18D_35,35,33.65316437,0.060064227,33.56965385,33.80287692,306.8031644,165.2876042,150.6013192,64.56143979,119.4737295,96,0.233223077
18D,37,18D_40,40,36.42252521,0.075674628,36.32096154,36.55612308,309.5725252,175.6919147,162.0670244,51.36223711,136.8889738,96,0.235161538
1D,37,1D_15,15,19.96346703,0.156454198,19.810988,20.29573333,293.113467,33.40997338,62.91014697,59.23854735,81.07664167,576,0.484745333
1D,37,1D_20,20,23.49352432,0.044766765,23.44492143,23.57719667,296.6435243,58.53891744,88.58593354,69.33561812,95.17786692,288,0.132275238
1D,37,1D_25,25,26.71770108,0.261569194,26.47421481,27.33996774,299.8677011,72.47820257,92.58925226,59.88109524,85.8752359,288,0.865752927
1D,37,1D_30,30,29.94432437,0.061807933,29.85812222,30.07701481,303.0943244,109.2527493,126.7255515,63.4305455,105.1051409,288,0.218892593
1D,37,1D_35,35,32.9637877,0.128110461,32.83007143,33.19775484,306.1137877,146.5324416,130.9198543,61.56674297,103.7323696,288,0.36768341
1D,37,1D_40,40,35.56960364,0.102578335,35.4874037,35.77235806,308.7196036,180.2960211,162.0273826,57.59632493,132.8059756,288,0.284954361
20D,37,20D_15,15,20.6928558,0.046241292,20.62114444,20.76715185,293.8428558,45.04797769,93.45770222,73.4268413,115.8626781,192,0.146007407
21D,37,21D_15,15,20.50949271,0.043657311,20.45772222,20.59724643,293.6594927,61.49897579,110.6651674,102.3807795,138.532936,192,0.139524206
21D,37,21D_25,25,26.94713381,0.119514183,26.83681111,27.20439333,300.0971338,155.5188205,188.7902957,125.2742609,173.463977,192,0.367582222
21D,37,21D_30,30,29.81105621,0.18299917,29.65498214,30.22989667,302.9610562,194.3681362,212.6675601,114.4866291,177.0163526,192,0.574914524
21D,37,21D_35,35,31.9225475,0.281931579,31.3470871,32.29733571,305.0725475,184.2883058,232.8907246,86.50287474,185.8578313,192,0.950248618
22D,37,22D_15,15,21.84733673,0.325921812,21.53707778,22.64526129,294.9973367,87.61484514,137.2139071,125.1057108,160.163794,192,1.108183513
22D,37,22D_20,20,24.53030475,0.080959211,24.45642857,24.716,297.6803048,103.6301281,160.2182379,109.2259908,163.7630433,192,0.259571429
22D,37,22D_25,25,27.40294094,0.05100912,27.3419,27.5132871,300.5529409,143.3042912,194.6149092,109.7811449,175.6069907,192,0.171387097
22D,37,22D_30,30,30.27345207,0.050182485,30.21507407,30.36412667,303.4234521,195.7955035,234.9561174,109.7042117,193.2504009,192,0.149052593
22D,37,22D_35,35,32.94689313,0.056307801,32.87415714,33.05199259,306.0968931,251.3152876,271.711809,105.7814367,215.2937638,192,0.17783545
22D,37,22D_40,40,35.36648274,0.053327281,35.29838571,35.49855357,308.5164827,315.0554874,314.8483824,102.8015511,256.6047223,192,0.200167857
23D,37,23D_15,15,23.51877164,0.310322458,23.19839231,24.17134375,296.6687716,68.51820389,97.19735655,80.92440713,104.3008429,96,0.972951442
23D,37,23D_20,20,25.44683767,0.137246453,25.32427692,25.75262,298.5968377,79.54801662,105.4181586,75.67764203,103.2950584,96,0.428343077
23D,37,23D_25,25,28.00919116,0.160186809,27.87324615,28.36226875,301.1591912,107.3827474,125.7057171,76.96554495,110.8651678,96,0.489022596
23D,37,23D_30,30,30.11137008,0.450042366,29.90792308,32.068275,303.2613701,131.1612152,148.2686251,74.78734251,122.442161,101,2.160351923
23D,37,23D_35,35,32.06559971,0.225940855,31.87409231,32.56465625,305.2155997,177.0303791,174.4825437,81.83706111,139.0249656,91,0.690563942
24D,37,24D_15,15,20.85668404,0.339076331,20.67362857,23.7565,294.006684,48.91687604,86.63738183,78.24452902,106.4833858,194,3.082871429
24D,37,24D_20,20,24.10184174,0.402050182,23.73627407,25.04096774,297.2518417,63.33021656,89.63032968,70.04043511,93.49858781,190,1.304693668
24D,37,24D_25,25,27.29754325,0.199483381,27.13563333,27.79174516,300.4475432,94.1199626,105.4609474,72.94368434,95.55350031,192,0.656111828
24D,37,24D_30,30,30.3994878,0.422180004,30.04176667,31.34279667,303.5494878,139.8438651,132.8288373,77.29621019,108.9227511,192,1.30103
25D,37,25D_20,20,24.55088108,0.030771825,24.50231538,24.61543846,297.7008811,122.9154951,159.548784,129.2541556,162.9208758,96,0.113123077
25D,37,25D_30,30,30.95779906,0.188638875,30.76169231,31.40087692,304.1077991,228.3201212,223.4384969,118.8382895,181.0369822,96,0.639184615
25D,37,25D_35,35,33.64830142,0.167405978,33.47837333,34.01100769,306.7983014,266.6887985,230.1644614,104.222304,182.5871867,96,0.532634359
25D,37,25D_40,40,35.99231195,0.179731716,35.74973846,36.35750769,309.1423119,307.9251438,236.1567303,94.13224938,196.2202044,96,0.607769231
26D,37,26D_15,15,20.86873029,0.167164456,20.65911111,21.24643548,294.0187303,42.88588622,67.92459375,68.5027849,83.43114217,96,0.587324373
26D,37,26D_25,25,25.97860816,0.024409278,25.92806333,26.00774444,299.1286082,93.20838386,133.6839606,83.57924054,127.9429067,96,0.079681111
26D,37,26D_30,30,29.12528401,0.0137312,29.08668667,29.14462963,302.275284,119.2032711,153.2844026,75.63740432,130.1704098,96,0.057942963
26D,37,26D_35,35,32.12345561,0.037904442,32.07303704,32.19255,305.2734556,174.4829855,186.2528529,80.16327006,148.3160016,96,0.119512963
26D,37,26D_40,40,35.06025418,0.035167719,35.01766786,35.12452963,308.2102542,246.4168334,227.910941,83.01986355,184.3574942,96,0.106861772
28D,37,28D_15,15,21.35852993,0.023249573,21.27434194,21.39071481,294.5085299,46.21431958,91.81164012,69.78435174,109.9157489,192,0.116372879
28D,37,28D_20,20,24.22626182,0.143315095,24.01625,24.48502903,297.3762618,56.47193327,88.4636843,61.58796219,91.73389214,192,0.468779032
28D,37,28D_25,25,26.94632991,0.311342477,26.54251071,27.50285,300.0963299,83.24808695,110.791666,67.06434425,101.8007266,192,0.960339286
28D,37,28D_30,30,30.10124934,0.157944367,29.97164074,30.44708,303.2512493,111.5730009,131.5388454,63.68787275,108.6544083,192,0.475439259
30D,37,30D_15,15,21.18780619,0.186210764,20.8771,21.54730667,294.3378062,64.15520765,129.7612132,98.79007264,156.7387757,194,0.670206667
30D,37,30D_30,30,29.68693109,0.317215,29.41692308,30.40354615,302.8369311,138.8098084,183.5645921,82.86835415,153.3165254,96,0.986623077
30D,37,30D_35,35,31.81634523,0.194816989,31.6382,32.29145385,304.9663452,173.9823151,205.7322846,82.59702736,164.396333,96,0.653253846
30D,37,30D_40_new,40,34.86642395,0.184684174,34.68823846,35.35622308,308.0164239,237.5564944,240.1105506,81.67522704,193.4251365,96,0.667984615
31D,37,31D_15,15,21.18899817,0.35376018,20.88983846,21.9521,294.3389982,88.55028142,154.9897781,136.336442,187.2007325,96,1.062261538
31D,37,31D_20,20,25.67213131,0.365431139,24.7712375,26.11931538,298.8221313,126.1274727,213.3910936,117.0174763,206.9986344,96,1.348077885
31D,37,31D_25,25,29.63545109,0.313980526,29.29683077,30.38283846,302.7854511,209.1225008,219.460098,125.5429566,183.5626828,96,1.086007692
31D,37,31D_30,30,31.83802212,0.242961208,31.55683077,32.36176923,304.9880221,258.2670397,248.2744939,122.3270388,198.3370429,96,0.804938462
31D,37,31D_35,35,33.82867584,0.402502843,33.3711,34.47949231,306.9786758,287.3424881,267.0090526,110.1767804,212.0636204,96,1.108392308
31D,37,31D_40,40,34.50784165,0.216259524,34.22549231,34.9247375,307.6578417,320.2239209,285.1133104,114.3162969,228.2161242,96,0.699245192
32D,37,32D_15,15,20.71668657,0.319437441,20.36704286,21.44394516,293.8666866,80.05529909,143.0458935,130.1303394,177.1158128,96,1.076902304
32D,37,32D_20,20,23.77452405,0.152755226,23.62293704,24.11363,296.924524,115.9687209,183.7665908,133.0711764,194.7506871,96,0.490692963
32D,37,32D_25,25,26.6037409,0.050861673,26.51358333,26.73777143,299.7537409,144.2458695,214.1836715,120.6861447,199.5939104,96,0.224188095
32D,37,32D_30,30,29.92626352,0.030787236,29.88395714,30.01657143,303.0762635,179.9510874,225.8388921,104.6812952,187.398498,96,0.132614286
32D,37,32D_35,35,32.99928776,0.286505877,32.61445161,33.58128929,306.1492878,253.5538286,270.3152602,106.1323349,214.1675852,96,0.966837673
32D,37,32D_40,40,35.88998727,0.157264881,35.6583037,36.10844444,309.0399873,357.1866251,320.8236695,110.3598019,265.6317602,96,0.450140741
33D,37,33D_15,15,22.14561084,0.026571787,22.10924615,22.2045,295.2956108,95.54264007,114.7318793,131.8618163,131.8876481,96,0.095253846
33D,37,33D_20,20,26.02653404,0.308698,25.70590769,26.6502,299.176534,157.3043577,198.0514633,140.3049317,189.1514718,96,0.944292308
33D,37,33D_25,25,28.69493741,0.06982527,28.61577692,28.81650667,301.8449374,175.2624751,207.2659352,116.5449731,178.4708671,96,0.200729744
33D,37,33D_30,30,30.93176317,0.099439861,30.802875,31.16159167,304.0817632,208.0233234,230.2935299,108.5773791,186.6863878,96,0.358716667
33D,37,33D_35,35,33.60589545,0.07899994,33.51018462,33.78996923,306.7558954,279.500857,260.694376,109.7194711,206.7603506,96,0.279784615
33D,37,33D_40,40,36.24557402,0.152571006,35.94032308,36.43373846,309.395574,336.5694249,281.1299846,100.2167166,235.7819556,96,0.493415385
34D,37,34D_15,15,21.3447092,0.115471417,21.25186667,21.65153667,294.4947092,70.87360987,105.7549804,107.1898767,126.6997352,192,0.39967
34D,37,34D_25,25,27.93466262,0.068959262,27.86021111,28.05291429,301.0846626,116.467315,137.2032096,84.1614547,121.3359376,192,0.192703175
34D,37,34D_40,40,36.92965452,0.114632683,36.79616667,37.18465,310.0796545,235.4411949,188.369547,65.30914013,162.7670614,192,0.388483333
35D,37,35D_15,15,22.2669969,0.12236065,22.11292308,22.50503333,295.4169969,88.98268792,111.4970621,121.1217,127.3776586,96,0.392110256
35D,37,35D_20,20,25.88777238,0.411379434,25.3929,26.64953333,299.0377724,168.0501449,186.4504607,152.2176406,179.1528879,96,1.256633333
35D,37,35D_25,25,28.47505004,0.078406677,28.37049231,28.62661538,301.62505,175.2917446,195.1503968,119.395939,169.2939161,96,0.256123077
35D,37,35D_30,30,30.88047498,0.105979309,30.76840769,31.11633846,304.030475,192.3968764,198.7194257,100.9763377,161.2553665,96,0.347930769
35D,37,35D_35,35,33.71820344,0.10641612,33.62257692,33.91031875,306.8682034,282.1767799,233.71392,109.4643624,185.4789478,96,0.287741827
35D,37,35D_40,40,36.33212226,0.09526865,36.20180769,36.53633846,309.4821223,349.2733576,255.0455812,103.0694593,214.6341328,96,0.334530769
36D,37,36D_15,15,21.11684449,0.090566466,21.02315714,21.30207419,294.2668445,75.31448845,140.0045459,116.9218898,169.7407899,96,0.278917051
36D,37,36D_20,20,24.02458196,0.110493349,23.87104074,24.26980357,297.174582,105.4478211,169.486783,117.6386854,177.4589029,96,0.398762831
36D,37,36D_25,25,26.99294733,0.073916913,26.90728571,27.19027857,300.1429473,158.7163935,200.8823451,127.2053901,184.232592,96,0.282992857
36D,37,36D_30,30,30.24071243,0.222970414,30.00146207,30.67224815,303.3907124,223.7964767,243.0996797,125.8371156,200.108318,96,0.670786079
36D,37,36D_35,35,33.48433461,0.128990905,33.2948,33.76558214,306.6343346,312.6880588,280.4548697,124.3338596,222.3156641,96,0.470782143
36D,37,36D_40,40,35.48993666,0.318531634,35.10062857,36.21175,308.6399367,367.5201048,329.713117,118.385422,269.6307963,96,1.111121429
37D,23,37D_15,15,23.65091145,0.037023595,23.61445385,23.7360125,296.8009115,89.06216779,162.9679265,103.6310779,173.7514362,97,0.121558654
37D,23,37D_20,20,24.89168175,0.084188545,24.79063846,25.05612,298.0416817,100.1734771,170.4995228,101.3943077,171.3546897,96,0.265481538
37D,23,37D_25,25,28.0074157,0.038465145,27.96988462,28.08394615,301.1574157,135.846641,201.2820466,97.38570845,177.5306083,96,0.114061538
37D,23,37D_30,30,30.71344514,0.023545172,30.68143077,30.76126154,303.8634451,168.9640781,226.1967786,90.28570603,184.1876796,97,0.079830769
37D,23,37D_35,35,33.04989964,0.058290425,32.98924615,33.15274615,306.1998996,198.603053,240.1702833,82.68625965,190.2723345,96,0.1635
37D,23,37D_40,40,35.9649342,0.075093424,35.71906,36.03405385,309.1149342,216.5124112,258.629819,66.37622504,214.6873648,97,0.314993846
38D,23,38D_15,15,21.35216585,0.183097715,21.18704643,21.74369667,294.5021658,91.17825071,174.2935157,137.7810265,208.7312079,96,0.556650238
38D,23,38D_20,20,24.46522406,0.10176818,24.37128519,24.68895806,297.6152241,127.3078049,213.7979375,135.1653476,219.2000594,96,0.317672879
38D,23,38D_25,25,27.53673543,0.052286268,27.47999643,27.64200968,300.6867354,167.8503012,247.6461222,126.7071676,222.3065275,96,0.162013249
38D,23,38D_30,30,30.72471757,0.146430287,30.56190357,31.0222871,303.8747176,230.5367231,285.1318121,123.0376011,232.1217488,96,0.460383525
38D,23,38D_35,35,33.56114252,0.01954299,33.53853214,33.61093571,306.7111425,267.1931356,318.1272811,105.3849844,252.2575358,96,0.072403571
38D,23,38D_40,40,36.71661043,0.112396747,36.58046296,36.87912593,309.8666104,305.6962208,347.0914516,86.68640645,296.9281859,96,0.298662963
39D,23,39D_20,20,24.40042973,0.043403283,24.36346667,24.49389355,297.5504297,162.7886484,269.4795756,174.0973891,277.1367673,96,0.130426882
39D,23,39D_25,25,27.186326,0.101759385,27.08104286,27.40104194,300.336326,219.4377899,326.2414038,172.1617759,296.8939677,96,0.319999078
39D,23,39D_30,30,29.94331902,0.064508331,29.88089643,30.06237,303.093319,264.5666326,367.4209432,153.6202164,304.7440323,96,0.181473571
39D,23,39D_40,40,36.0387038,0.060953367,35.95597143,36.18169286,309.1887038,383.7248466,431.7795569,116.7396793,359.3518821,96,0.225721429
3D,37,3D_15,15,22.01856246,0.017054699,21.98886154,22.06550769,295.1685625,90.33169664,161.5664687,126.489008,186.9373307,96,0.076646154
3D,37,3D_25,25,26.96036837,0.053687435,26.87179167,27.1041,300.1103684,133.6067193,189.8855817,107.4664713,174.3768259,96,0.232308333
3D,37,3D_30,30,29.68447244,0.157132868,29.51423846,29.98982667,302.8344724,198.349388,225.6292006,118.4445621,188.4626246,96,0.475588205
3D,37,3D_35,35,31.85620605,0.114523332,31.70295385,32.105625,305.006206,229.7313601,253.4015442,108.6000727,202.3873669,96,0.402671154
3D,37,3D_40,40,34.6017848,0.077440225,34.49192308,34.72923077,307.7517848,357.6346316,340.3771344,126.4188416,272.8651953,96,0.237307692
40D,23,40D_15,15,21.81109344,0.239404718,21.60622593,22.37016452,294.9610934,112.8033656,187.1602714,161.7406408,218.8723178,96,0.76393859
40D,23,40D_20,20,24.99065126,0.198860164,24.80135185,25.43957333,298.1406513,151.0456656,219.8367634,151.2036127,219.931478,96,0.638221481
40D,23,40D_25,25,27.91029335,0.065052401,27.84924815,28.06311,301.0602933,181.3486533,236.4537221,131.3964977,209.2960548,96,0.213861852
40D,23,40D_30,30,30.8084952,0.038818068,30.76258519,30.93162963,303.9584952,215.3733091,253.2169298,113.9134636,205.7796233,96,0.169044444
40D,23,40D_35,35,33.43398106,0.144194486,33.277,33.67254516,306.5839811,248.3136052,261.1139359,99.26366223,206.9488856,96,0.395545161
40D,23,40D_40,40,36.46487937,0.085422992,36.24497667,36.58026207,309.6148794,288.0286284,269.3827474,83.83409897,227.9330347,96,0.335285402
41D,23,41D_15,15,21.10063119,0.043744662,21.04272593,21.18707742,294.2506312,84.03875252,157.8127362,130.7088563,191.4938821,96,0.144351493
41D,23,41D_20,20,24.11723339,0.046157819,24.05312593,24.206075,297.2672334,108.855203,178.8582542,120.1808572,186.4397532,96,0.152949074
41D,23,41D_25,25,26.75536821,0.055096935,26.69505714,26.87633226,299.9053682,124.8038961,173.6557521,102.6840101,160.8132506,96,0.181275115
41D,23,41D_30,30,30.06403488,0.01628032,30.02672857,30.09955185,303.2140349,161.3895084,185.5089842,92.49529681,153.3808258,96,0.07282328
41D,23,41D_35,35,33.01627131,0.171127844,32.84638519,33.39382581,306.1662713,182.9300869,186.975672,76.43296297,148.135112,96,0.547440621
41D,23,41D_40,40,36.15331547,0.05366486,36.01356333,36.22986667,309.3033155,226.6397676,201.214551,68.13376359,168.1660897,96,0.216303333
42D,23,42D_15,15,23.44275306,0.524236082,22.69064167,24.36977143,296.5927531,58.06782063,92.6903605,69.17317848,99.83636791,97,1.679129762
42D,23,42D_20,20,25.67328767,0.234186061,25.41396923,26.18773333,298.8232877,75.45430413,103.2995845,69.99534562,100.1999419,97,0.773764103
42D,23,42D_25,25,28.53274427,0.220325782,28.31756154,29.05154375,301.6827443,89.57277368,107.5721264,60.62722929,93.13519481,96,0.733982212
42D,23,42D_30,30,31.49437851,0.160539881,31.33333077,31.86481875,304.6443785,104.3901976,110.3821911,51.29505875,88.60204467,96,0.531487981
42D,23,42D_35,35,33.96891307,0.133557127,33.86016154,34.26655333,307.1189131,117.3356848,110.0970083,44.33030025,87.54312386,96,0.406391795
42D,23,42D_40,40,36.81302052,0.059421293,36.75736154,36.92742667,309.9630205,139.5188335,111.7007415,39.17072707,95.98332786,96,0.170065128
43D,23,43D_15,15,20.32877328,0.138102409,20.17235357,20.68023548,293.4787733,64.22400978,142.035707,109.1686544,179.5175431,96,0.507881912
43D,23,43D_20,20,23.67716849,0.054516513,23.54261852,23.76528929,296.8271685,89.19058077,158.1134181,103.4735739,168.3599496,96,0.222670767
43D,23,43D_25,25,27.07846031,0.020565718,27.04392258,27.13561481,300.2284603,117.4877674,168.5827428,93.27833649,154.0791408,96,0.091692234
44D,23,44D_15,15,23.63199229,0.049789746,23.5805,23.74154375,296.7819923,109.9580791,183.1191907,128.2185504,195.4164939,96,0.16104375
44D,23,44D_20,20,25.18279203,0.040168349,25.12720769,25.26059231,298.332792,127.6469101,194.0061187,125.0665255,192.3869228,96,0.133384615
44D,23,44D_25,25,29.66416175,0.117117374,29.53140769,29.87796429,302.8141618,185.1298945,190.9852424,110.7941179,159.6162605,96,0.346556593
44D,23,44D_30,30,32.06776308,0.069411433,31.97812308,32.203575,305.2177631,217.2565253,200.9138523,100.4095057,160.0814082,96,0.225451923
44D,23,44D_35,35,34.03524723,0.059420882,33.96704615,34.15223846,307.1852472,232.5268633,199.2828972,87.23869158,158.5588493,96,0.185192308
44D,23,44D_40,40,35.58784542,0.098537938,35.42920769,35.73036154,308.7378454,252.0114416,204.338797,80.35314775,167.5765794,96,0.301153846
45D,23,45D_15,15,20.36604138,0.03632689,20.30301071,20.42167407,293.5160414,74.78658668,143.3206072,126.5776545,180.7829515,96,0.11866336
45D,23,45D_20,20,23.51851358,0.057767431,23.44771,23.64909643,296.6685136,95.52803633,155.2223944,112.8280446,166.5686393,96,0.201386429
45D,23,45D_25,25,27.17504551,0.043933667,27.11195926,27.24714516,300.3250455,127.7532556,163.2830215,100.3545434,148.6612827,96,0.135185902
45D,23,45D_30,30,30.63161517,0.022203411,30.60391481,30.67641429,303.7816152,156.9635195,169.0179188,84.61537211,137.8712288,96,0.072499471
45D,23,45D_35,35,33.85067325,0.213119353,33.670425,34.33777333,307.0006732,185.0420619,167.2300558,70.7869696,132.8395682,96,0.667348333
45D,23,45D_40,40,36.54754642,0.072857424,36.47954815,36.72068387,309.6975464,212.4278003,172.1869823,61.3021338,146.2044349,96,0.241135723
46D,23,46D_15,15,21.68027433,0.043518494,21.61236296,21.75733929,294.8302743,72.53819992,133.1986388,105.573805,156.8230828,96,0.144976323
46D,23,46D_20,20,24.57054917,0.099833429,24.48,24.78082333,297.7205492,104.7886022,161.3266081,109.9497408,164.5839425,96,0.300823333
46D,23,46D_25,25,27.59157673,0.053644085,27.54024444,27.69144286,300.7415767,136.0230328,186.5689284,102.0643674,167.1277089,96,0.151198413
46D,23,46D_30,30,30.776596,0.054934177,30.70823929,30.8785,303.926596,180.316324,212.984824,95.69923747,173.1989593,96,0.170260714
46D,23,46D_35,35,34.12613534,0.109154108,33.99127778,34.37887778,307.2761353,233.2754481,240.8520629,86.68607989,191.8149628,96,0.3876
46D,23,46D_40,40,37.37484988,0.091733618,37.20641935,37.52535714,310.5248499,228.6524251,237.6126441,60.57767928,210.1086859,96,0.318937788
47D,23,47D_20,20,24.03857274,0.092955751,23.95619643,24.24596333,297.1885727,97.58664671,167.7192637,108.6974242,175.4901076,96,0.289766905
47D,23,47D_25,25,27.07437421,0.123092602,26.96251111,27.30646129,300.2243742,129.7610806,190.5609084,103.0690428,174.1949977,96,0.343950179
47D,23,47D_30,30,30.38109526,0.149952292,30.25498889,30.73276774,303.5310953,172.1729162,214.0207533,95.35449115,175.577975,96,0.477778853
47D,23,47D_35,35,33.19796083,0.100370971,33.10173214,33.41217097,306.3479608,209.9522714,235.896243,86.05098336,186.8810427,96,0.310438825
47D,23,47D_40,40,36.00489057,0.066406394,35.93521111,36.20834815,309.1548906,246.3410408,258.8487941,75.20765319,215.1701229,96,0.273137037
49D,23,49D_15,15,21.60357628,0.114650772,21.50597778,21.88854,294.7535763,124.9454028,195.4147527,183.450431,230.9890555,96,0.382562222
49D,23,49D_20,20,24.5067201,0.031495682,24.46092593,24.55893333,297.6567201,150.0626989,216.5899392,158.5847667,221.6281526,96,0.098007407
49D,23,49D_25,25,27.71664696,0.049492407,27.63914286,27.81629286,300.866647,201.5418452,253.2733389,149.1630911,225.8078496,96,0.17715
49D,23,49D_30,30,31.08861204,0.071301228,30.9834963,31.23276429,304.238612,265.4425798,284.5959878,136.2325181,230.0159671,96,0.249267989
49D,23,49D_35,35,33.85455192,0.147094789,33.64404643,34.11085,307.0045519,310.0317059,300.5746699,118.5526764,238.7693675,96,0.466803571
49D,23,49D_40,40,35.70315833,0.051797696,35.63392857,35.78477037,308.8531583,340.389314,310.7352349,107.2357022,255.7249879,96,0.150841799
4D,37,4D_15,15,19.90327774,0.108264364,19.77165926,20.14156333,293.0532777,61.50631899,116.3499372,109.8176486,150.4323606,96,0.369904074
4D,37,4D_20,20,23.72218132,0.168370174,23.54045926,24.10021667,296.8721813,62.21214931,92.13718304,71.8093634,97.89324429,96,0.559757407
4D,37,4D_30,30,29.30782242,0.065580166,29.234875,29.49914815,302.4578224,154.5118502,201.4481737,96.11548022,170.1175639,96,0.264273148
4D,37,4D_35,35,32.32160668,0.136656077,32.18567857,32.55481935,305.4716067,214.3510996,231.0622301,96.42228017,183.6699995,96,0.369140783
4D,37,4D_40,40,34.98245312,0.292752724,34.69452963,35.47669032,308.1324531,203.0763341,190.166007,68.97736086,153.5617967,96,0.782160693
50D,23,50D_15,15,21.73922483,0.167207804,21.53701071,22.05251333,294.8892248,124.2806524,191.6682883,179.6662953,224.9767432,96,0.515502619
50D,23,50D_20,20,24.76969022,0.03606338,24.72801481,24.83454074,297.9196902,150.5093808,217.0655876,154.4378996,219.3939809,96,0.106525926
50D,23,50D_25,25,27.88443766,0.034616051,27.84181071,27.94678519,301.0344377,202.2781764,251.6363357,146.9771245,222.9476491,96,0.104974471
50D,23,50D_30,30,31.11445722,0.59708606,30.94689355,33.74683571,304.2644572,238.6793309,273.6035672,122.1574704,221.026439,101,2.799942166
50D,23,50D_35,35,33.83385685,0.103807807,33.74185185,34.03489032,306.9838568,268.5097561,266.344694,102.8994427,211.5442363,91,0.293038471
50D,23,50D_40,40,36.87930436,0.027701653,36.84639643,36.93876667,310.0293044,311.7755691,273.4585766,86.93487065,235.718573,96,0.092370238
51D,23,51D_15,15,22.82412445,0.114543866,22.71951538,23.11172,295.9741244,178.3805617,233.4238774,227.9104133,259.2642935,97,0.392204615
51D,23,51D_20,20,25.43812363,0.04040997,25.38015385,25.51625333,298.5881236,177.5509426,248.0737247,169.0764176,243.1728945,96,0.136099487
51D,23,51D_25,25,28.3937365,0.085393973,28.30382,28.59303846,301.5437365,219.5908202,275.6117006,150.9039786,239.7673625,96,0.289218462
51D,23,51D_30,30,30.92679134,0.147844489,30.77786923,31.24833077,304.0767913,270.038692,302.0511432,141.0215173,244.8803675,96,0.470461538
51D,23,51D_35,35,33.90707307,0.047602304,33.86072308,34.01392308,307.0570731,329.3558359,323.0009852,125.2466341,256.6935586,96,0.1532
51D,23,51D_40,40,36.19727148,0.141819927,35.9934,36.45694615,309.3472715,319.51722,318.3572311,95.61760404,266.5100057,96,0.463546154
52D,23,52D_15,15,21.26071038,0.022001568,21.22121111,21.3041,294.4107104,105.620452,174.0217385,161.2866754,209.4020596,192,0.082888889
52D,23,52D_20,20,24.84657325,0.218597236,24.65454286,25.35208387,297.9965733,171.3233347,217.5143674,174.2887326,219.0630107,192,0.697541014
52D,23,52D_25,25,27.61437991,0.02865277,27.58252963,27.69847778,300.7643799,178.5325158,218.562225,133.6260075,195.6170608,192,0.115948148
52D,23,52D_30,30,30.74232844,0.042169509,30.68939259,30.81895806,303.8923284,228.9718803,237.8767015,121.9710694,193.5799513,192,0.129565472
52D,23,52D_35,35,33.99003057,0.084337776,33.915425,34.14758065,307.1400306,283.9211388,253.1061794,107.0291549,201.2954985,192,0.232155645
52D,23,52D_40,40,37.04262745,0.055730572,36.87237097,37.145325,310.1926275,375.5462917,279.5875222,102.964107,242.9383926,192,0.272954032
53D,23,53D_20,20,24.50888691,0.04163053,24.42414444,24.57630741,297.6588869,213.1269807,293.002973,225.17574,299.7880419,192,0.152162963
53D,23,53D_25,25,27.80592873,0.039681599,27.76215714,27.8787037,300.9559287,263.7122447,301.2516981,193.2728927,267.6859063,192,0.116546561
53D,23,53D_30,30,30.97866618,0.061854912,30.91554643,31.10829677,304.1286662,315.7634745,310.1940586,163.983579,251.2272464,192,0.192750346
53D,23,53D_35,35,33.98051086,0.135110348,33.85066786,34.26685333,307.1305109,407.2343368,369.898322,153.668304,294.1542808,192,0.416185476
53D,23,53D_40,40,36.7119498,0.090036617,36.60603929,36.92248214,309.8619498,462.8081198,409.7340113,131.302015,350.4431692,192,0.316442857
54D,23,54D_15,15,20.59529795,0.023791206,20.53880345,20.62258889,293.745298,84.68522828,162.4374802,139.5934983,202.420597,96,0.083785441
54D,23,54D_20,20,23.69553358,0.017861771,23.67248148,23.74291429,296.8455336,115.2093074,185.2832199,133.3823848,197.1139846,96,0.070432804
54D,23,54D_25,25,27.2915522,0.040907064,27.25173214,27.37271786,300.4415522,161.8960532,208.4342278,125.5534508,188.8975014,96,0.120985714
54D,23,54D_30,30,30.46764214,0.085252789,30.38245185,30.65866786,303.6176421,202.2056448,219.6605201,110.9472423,179.8417725,96,0.276216005
54D,23,54D_35,35,33.54610746,0.074965708,33.44402222,33.68636786,306.6961075,253.7588097,226.8392864,100.2453833,179.8591913,96,0.242345635
54D,23,54D_40,40,36.5354806,0.049145481,36.43124074,36.63440357,309.6854806,314.8476142,248.9034211,90.97196999,211.2351499,96,0.203162831
55D,23,55D_15,15,21.37317621,0.211168489,21.18466071,21.91370968,294.5231762,60.64725303,115.1633322,91.42477025,137.7669761,96,0.729048963
55D,23,55D_20,20,24.26748951,0.145049223,24.14807037,24.62522667,297.4174895,78.97561956,134.27794,85.7322934,138.9682984,96,0.477156296
55D,23,55D_25,25,27.18017768,0.059138585,27.11551481,27.29742903,300.3301777,101.7461366,151.915561,79.87988322,138.2835664,96,0.181914217
55D,23,55D_30,30,30.21499296,0.030805265,30.18026667,30.27615357,303.364993,120.515439,168.6633082,67.95231044,138.9236517,96,0.095886905
55D,23,55D_35,35,33.2092069,0.048414139,33.15106429,33.30835357,306.3592069,145.5108776,179.3808874,59.56807523,142.1096413,96,0.157289286
55D,23,55D_40,40,35.89236852,0.043377984,35.83035714,35.98140714,309.0423685,152.2543048,185.3426827,47.03029455,153.4701531,96,0.15105
56D,23,56D_20,20,23.77610553,0.163777332,23.6231,24.15802581,296.9261055,91.43967462,179.8546313,104.9060137,190.5902599,96,0.534925806
56D,23,56D_25,25,26.64437281,0.213444475,26.44624074,27.13499032,299.7943728,115.9028444,203.9588001,96.53765307,189.7444542,96,0.688749582
56D,23,56D_30,30,29.36098622,0.0232563,29.32390741,29.412625,302.5109862,141.2912487,228.4376787,87.38544836,192.6021502,96,0.088717593
56D,23,56D_35,35,33.3282188,0.116920007,33.2243,33.58352333,306.4782188,185.5442305,225.6771963,75.00584377,178.8150544,96,0.359223333
56D,23,56D_40,40,36.53302673,0.08941432,36.34072308,36.64929167,309.6830267,191.4971075,221.5349626,55.34518437,187.9887967,96,0.30856859
57D,23,57D_15,15,22.61010397,0.503841531,21.89615385,23.52735,295.760104,91.57670653,160.1958615,119.8818538,179.8559735,97,1.631196154
57D,23,57D_20,20,24.92657517,0.165331601,24.74928462,25.27930625,298.0765752,120.8248119,189.1712902,121.8209057,189.8133839,96,0.530021635
57D,23,57D_25,25,27.86807823,0.138814051,27.68745385,28.16776,301.0180782,154.8676844,213.7338459,112.7303033,189.4810717,96,0.480306154
57D,23,57D_30,30,30.40535162,0.143607228,30.25868462,30.66325385,303.5553516,187.9277471,228.1218315,103.808052,187.0395195,97,0.404569231
57D,23,57D_35,35,32.88321313,0.116501443,32.72293846,33.12065333,306.0332131,226.6098155,242.0911632,96.0291606,191.8520872,96,0.397714872
57D,23,57D_40,40,35.55625069,0.067664088,35.48130769,35.6776,308.7062507,258.2736396,247.7229093,82.62156205,202.9671931,96,0.196292308
58D,23,58D_15,15,22.29786622,0.183152675,22.08604615,22.71979375,295.4478662,84.27804994,151.4832807,114.3153349,172.7872884,97,0.633747596
58D,23,58D_20,20,24.94308382,0.262113057,24.67069231,25.49335,298.0930838,109.8560102,168.9692325,110.5573609,169.4134541,97,0.822657692
58D,23,58D_25,25,27.66989391,0.142256292,27.50525385,27.9775875,300.8198939,136.2562786,182.803293,101.3636162,163.2677145,97,0.472333654
58D,23,58D_30,30,30.45649136,0.121007432,30.36230769,30.74321875,303.6064914,169.2699983,195.3509921,92.98765584,159.9800244,97,0.380911058
58D,23,58D_35,35,33.07802902,0.072178364,33.00884615,33.24861333,306.228029,204.5499645,208.1613629,84.90868599,164.909838,97,0.239767179
58D,23,58D_40,40,35.65214882,0.016337171,35.61323846,35.68913077,308.8021488,239.7703908,220.4453146,75.9394213,181.1345817,97,0.075892308
5D,37,5D_15new,15,19.77907081,0.049619772,19.69740667,19.88997778,292.9290708,47.91371497,105.8089284,86.78742322,137.7181438,192,0.192571111
5D,37,5D_20,20,22.8462735,0.101611042,22.74471852,23.08298214,295.9962735,67.73848047,129.3095198,86.32984375,143.4649088,192,0.338263624
5D,37,5D_25,25,26.93670746,0.39820563,26.57316296,27.84513,300.0867075,141.4367431,171.7764488,114.0619567,157.898092,192,1.271967037
5D,37,5D_30,30,29.69535735,0.141938782,29.55311071,29.97726452,302.8453573,167.9702353,198.6696951,100.1853837,165.8935151,192,0.424153802
5D,37,5D_35,35,32.0741445,0.061960765,31.98841481,32.21657857,305.2241445,205.3177687,218.9753524,94.82719465,174.4606377,192,0.228163757
5D,37,5D_40,40,35.50159296,0.043247291,35.39297097,35.58924815,308.651593,297.9955971,279.2306316,95.87356736,228.4229427,192,0.19627718
60D,23,60D_15,15,20.81860809,0.126624127,20.72101852,21.11726129,293.9686081,98.8262055,190.865428,158.7700982,235.0578223,96,0.396242772
60D,23,60D_20,20,23.96505544,0.132644032,23.84711111,24.24489677,297.1150554,133.4921516,218.4387308,149.9263329,229.3701461,96,0.397785663
60D,23,60D_25,25,27.477351,0.372741308,27.14761786,28.28255333,300.627351,195.583798,255.5904163,148.6097144,229.9630269,96,1.134935476
60D,23,60D_30,30,30.15751115,0.081196783,30.0708037,30.35361786,303.3075112,221.0084394,273.0110195,125.3910559,225.1939558,96,0.282814153
60D,23,60D_35,35,33.18639486,0.134417619,33.0323069,33.465225,306.3363949,272.2276382,285.6318402,111.7118846,226.2810608,96,0.432918103
60D,23,60D_40,40,36.15509608,0.050443443,35.98947097,36.24131786,309.3050961,331.6491202,297.0945606,99.683846,248.3148368,96,0.251846889
62D,23,62D_35,35,34.04974458,0.085604166,33.95353846,34.20467143,307.1997446,342.8683677,322.193763,128.4400312,256.3896116,194,0.251132967
62D,23,62D_40,40,36.49308877,0.019645491,36.45011538,36.53145385,309.6430888,376.8119099,327.7068333,109.3552785,277.611738,192,0.081338462
63D,23,63D_15,15,23.62302443,0.026899747,23.59164615,23.67772,296.7730244,94.20730843,159.7501522,109.9632952,170.5528006,96,0.086073846
63D,23,63D_20,20,26.47762923,0.047884477,26.39191333,26.57746154,299.6276292,119.7152792,175.1171097,101.5695701,164.0526011,96,0.185548205
63D,23,63D_25,25,28.80629857,0.081801619,28.69776923,28.93633846,301.9562986,145.5018503,182.3859067,95.58725167,156.4705039,97,0.238569231
63D,23,63D_30,30,31.11073678,0.056738906,31.05648462,31.22260769,304.2607368,171.9525565,189.6839618,88.04147324,153.2437275,96,0.166123077
63D,23,63D_35,35,33.212008,0.137616662,33.09594615,33.48608125,306.362008,208.0174352,197.7193646,85.13125613,156.6381178,96,0.390135096
63D,23,63D_40,40,35.20899727,0.093722834,35.11083077,35.38616923,308.3589973,231.1878902,199.4668572,76.68707328,161.914802,96,0.275338462
64D,23,64D_15,15,23.57779302,0.081458269,23.49656154,23.73848571,296.727793,71.4714746,124.8449821,83.85185346,133.5823272,96,0.241924176
64D,23,64D_20,20,25.81842357,0.063368176,25.75276923,25.9497375,298.9684236,85.78943621,138.9653766,78.30827342,133.9335635,96,0.196968269
64D,23,64D_25,25,28.66079818,0.279753397,28.43951538,29.29076,301.8107982,111.7481517,156.5354224,74.58685335,134.9420436,97,0.851244615
64D,23,64D_30,30,30.62721501,0.110552109,30.52604615,30.89001333,303.777215,126.9220376,167.9857404,68.45313813,137.0424537,97,0.363967179
64D,23,64D_35,35,33.30134046,0.206165288,33.06774167,33.77723333,306.4513405,143.2734601,185.3437949,58.08292857,146.8497245,97,0.709491667
65D,23,65D_15,15,21.39200923,0.124862634,21.30044286,21.70063333,294.5420092,87.65920383,163.2026554,131.8600733,195.0438727,96,0.400190476
65D,23,65D_20,20,24.3855021,0.029186748,24.34578929,24.45002963,297.5355021,117.29617,194.2402785,125.654972,199.9009185,96,0.104240344
65D,23,65D_25,25,27.73936876,0.046809952,27.69484444,27.83434667,300.8893688,165.4033634,245.2628415,122.1116889,218.4791814,96,0.139502222
65D,23,65D_30,30,30.33381424,0.045144478,30.28222593,30.40453871,303.4838142,200.9780772,266.4804619,111.8768424,218.8603642,96,0.122312784
65D,23,65D_35,35,32.68747719,0.076154635,32.58913929,32.82648889,305.8374772,235.9046147,292.9422643,102.0672554,232.3158926,96,0.237349603
65D,23,65D_40,40,36.23997165,0.112142628,36.11764444,36.45706296,309.3899717,268.2733512,316.2949679,79.92739027,265.2171618,96,0.339418519
67D,23,67D_20,20,23.8435969,0.09056476,23.75993929,24.03921667,296.9935969,107.7499036,181.2037948,122.6816307,191.392264,96,0.279277381
67D,23,67D_25,25,27.03898325,0.078655283,26.97144074,27.21947419,300.1889833,140.894825,203.8101085,112.3501406,186.5712648,96,0.248033453
67D,23,67D_30,30,30.62104876,0.170088465,30.47945,31.01622903,303.7710488,194.4830761,231.1981932,104.9606555,188.6365461,96,0.536779032
67D,23,67D_35,35,33.00080297,0.101699481,32.90928571,33.19552,306.150803,231.7854658,245.3405055,97.00496787,194.3799489,96,0.286234286
67D,23,67D_40,40,35.30854046,0.120069805,35.18233571,35.59268571,308.4585405,269.4648289,261.6093724,88.45908854,212.8908431,96,0.41035
68D,23,68D_20,20,24.90943414,0.095720586,24.79576923,25.10535625,298.0594341,243.1674502,320.0782785,245.6426658,321.4194295,97,0.309587019
68D,23,68D_25,25,27.55493257,0.049335577,27.49126923,27.64391333,300.7049326,273.9686757,366.6414686,206.4008033,328.8964908,97,0.152644103
68D,23,68D_30,30,30.26199481,0.096429769,30.17018462,30.51041538,303.4119948,324.4467633,415.343121,182.0124698,341.7132281,96,0.340230769
68D,23,68D_35,35,32.84541856,0.11069776,32.6562875,33.08614615,305.9954186,393.0074666,462.7895727,167.2118545,366.7903849,96,0.429858654
68D,23,68D_40,40,35.58040718,0.31098966,35.22820769,36.26473846,308.7304072,353.883473,366.9729319,112.9222989,300.8854304,97,1.036530769
69D,23,69D_15,15,23.36945554,0.023276424,23.33255714,23.41858462,296.5194555,195.9200786,283.0640898,235.3304603,305.9890139,192,0.086027473
69D,23,69D_20,20,25.6439666,0.036590089,25.58837692,25.71375385,298.7939666,247.272282,322.7140616,230.1324534,313.4386961,192,0.125376923
69D,23,69D_25,25,28.69357085,0.041376506,28.63685,28.77620833,301.8435709,310.4352217,361.8367915,206.4620942,311.5816725,192,0.139358333
69D,23,69D_30,30,31.74231079,0.056525284,31.66067692,31.86208462,304.8923108,380.6922792,390.9758583,182.1670174,312.7199885,194,0.201407692
69D,23,69D_35,35,34.28701265,0.061106974,34.21083846,34.44843077,307.4370126,405.4218411,397.118105,148.1281848,316.8725733,192,0.237592308
69D,23,69D_40,40,36.35231515,0.067386502,36.25688462,36.48511538,309.5023152,426.2545346,407.9870976,125.523117,343.620295,192,0.228230769
6D,37,6D_15,15,21.31958564,0.028862112,21.27983846,21.38127143,294.4695856,68.00326378,128.7924439,103.1452689,154.5019412,96,0.101432967
6D,37,6D_20,20,24.71834691,0.017977857,24.67174,24.75800769,297.8683469,127.5338128,173.7292789,131.6172143,176.0138207,98,0.086267692
6D,37,6D_25,25,27.43761785,0.223802841,26.98883333,27.76746923,300.5876178,115.8075194,151.9570285,88.37893009,136.9309974,96,0.778635897
6D,37,6D_30,30,30.17160298,0.098722465,30.07304615,30.43859231,303.321603,189.2119281,224.2568559,107.1877481,184.9137419,96,0.365546154
6D,37,6D_35,35,32.52511867,0.10732238,32.37220769,32.77487692,305.6751187,237.9365734,259.9153417,104.7385342,206.3048487,96,0.402669231
6D,37,6D_40,40,34.52660882,0.050370204,34.46275833,34.65351538,307.6766088,301.84926,300.1085363,107.5446558,240.2896308,96,0.190757051
70D,23,70D_25,25,28.38951628,0.036444897,28.33156923,28.47255385,301.5395163,294.7802505,308.7625168,202.6680104,268.646196,96,0.140984615
70D,23,70D_30,30,31.00657848,0.103315849,30.88048462,31.22956923,304.1565785,268.856124,254.1950934,139.2054119,205.7629445,97,0.349084615
70D,23,70D_35,35,34.05834733,0.080692706,33.96050769,34.24605833,307.2083473,363.1989748,286.2254774,135.9327755,227.7872321,97,0.285550641
70D,23,70D_40,40,36.49125829,0.18421183,36.3133,36.88708462,309.6412583,376.9029174,303.5644606,109.4024442,257.1400336,97,0.573784615
71D,23,71D_20,20,24.47177246,0.014770901,24.44916667,24.51364444,297.6217725,202.8255893,280.9535945,215.1860022,287.96349,96,0.064477778
71D,23,71D_25,25,28.14210734,0.964019865,27.74373704,31.15568889,301.2921073,291.1277613,344.6619013,205.6474868,302.5140144,109,3.411951852
71D,23,71D_30,30,31.02059856,0.129730161,30.17239286,31.15156296,304.1705986,350.2301344,373.8812487,181.0654814,302.5641586,179,0.979170106
71D,23,71D_35,35,34.1337908,0.045461536,34.07452593,34.27003929,307.2837908,412.9946445,392.1829942,153.3468407,312.3614805,96,0.19551336
71D,23,71D_40,40,37.07699038,0.049345866,37.014675,37.20659643,310.2269904,485.9056713,421.718462,132.7495947,367.0742804,96,0.191921429
72D,23,72D_15,15,21.70599362,0.062172015,21.61596071,21.81411786,294.8559936,159.4997777,220.2965605,231.4582305,259.0243257,96,0.198157143
72D,23,72D_20,20,24.8001027,0.173116422,24.67252857,25.22899355,297.9501027,221.2050886,264.7546819,226.2073721,267.216042,96,0.556464977
72D,23,72D_25,25,27.61748854,0.028593167,27.57796071,27.6702,300.7674885,220.1738739,268.6840408,164.7369948,240.4485162,96,0.092239286
72D,23,72D_30,30,30.79943561,0.059055795,30.71401429,30.9085,303.9494356,282.3962795,299.0751728,149.5083188,243.0922835,96,0.194485714
72D,23,72D_35,35,33.53425252,0.06588954,33.44561852,33.69282222,306.6842525,330.5983914,315.2621871,130.7639239,249.9563916,96,0.247203704
72D,23,72D_40,40,35.66122222,0.088002056,35.51374286,35.83566786,308.8112222,349.5914704,323.5978719,110.6170114,265.9661522,96,0.321925
73D,30,73D_15,15,24.30472462,0.111193253,24.19887692,24.51926875,297.4547246,66.83924569,100.0889522,72.25476043,103.4016402,97,0.320391827
73D,30,73D_20,20,26.95906346,0.07262403,26.85366154,27.1251,300.1090635,87.25088108,115.171248,70.19029043,105.7703153,97,0.271438462
73D,30,73D_25,25,28.90005797,0.105878883,28.77650769,29.16329231,302.050058,101.7325622,126.4421827,66.15379829,108.1454991,96,0.386784615
73D,30,73D_40,40,36.97907686,0.273876406,36.57854615,37.45706154,310.1290769,214.2124678,138.167381,59.11779214,119.6771286,97,0.878515385
74D,30,74D_15,15,20.72517858,0.0098226,20.70242963,20.74137778,293.8751786,51.63003203,105.6451876,83.84293763,130.7485771,96,0.038948148
74D,30,74D_20,20,23.94099293,0.209566047,23.74418571,24.42074,297.0909929,85.00622455,134.7794868,95.73029801,141.6887127,192,0.676554286
74D,30,74D_25,25,26.90010119,0.039075882,26.85541071,26.98813704,300.0501012,102.6960863,150.760807,83.154751,138.7866551,192,0.132726323
74D,30,74D_30,30,29.90105299,0.101329348,29.79066429,30.17071481,303.051053,133.8158197,170.3571952,78.05607133,141.4552602,192,0.380050529
74D,30,74D_35,35,33.0759304,0.112686026,32.97576333,33.38142593,306.2259304,178.8578679,193.6023547,74.26041062,153.3761019,192,0.405662593
74D,30,74D_40,40,35.44575454,0.200467473,35.25893571,35.93358214,308.5957545,213.1848743,206.8290021,68.98831435,168.9306252,192,0.674646429
75D,30,75D_15,15,27.669632,0.019586351,27.63919643,27.72053333,300.819632,138.6255901,185.4864609,103.1291578,165.6657837,192,0.081336905
75D,30,75D_20,20,27.62545433,0.028952885,27.58945185,27.68103333,300.7754543,145.8521381,188.775533,109.0330409,168.886257,192,0.091581481
75D,30,75D_25,25,28.24497729,0.182772655,28.07362963,28.66435333,301.3949773,161.9299974,200.7420947,113.1040082,175.5487782,192,0.590723704
75D,30,75D_30,30,31.19770442,0.061610771,31.13748929,31.31038214,304.3477044,197.0464032,219.321308,99.95255582,176.9100591,192,0.172892857
75D,30,75D_35,35,34.06828317,0.058387545,33.97620714,34.17169,307.2182832,236.8221322,236.6343456,88.54162931,188.3401828,192,0.195482857
75D,30,75D_40,40,36.25609928,0.089060007,36.04752667,36.38761429,309.4060993,293.0590303,254.6839376,87.1657955,213.6890061,192,0.340087619
76D,30,76D_15,15,19.89642956,0.093159599,19.80091786,20.0991871,293.0464296,64.64335406,136.6624183,115.5102284,176.7598425,97,0.29826924
76D,30,76D_20,20,23.65039735,0.050611032,23.5949,23.75664333,296.8003973,92.26330045,166.7428977,107.3620826,177.7806556,97,0.161743333
76D,30,76D_25,25,27.5845503,0.11145383,27.48673333,27.83556667,300.7345503,139.070138,204.388185,104.4313449,183.1392509,97,0.348833333
76D,30,76D_30,30,31.00389291,0.053412632,30.95461429,31.11557667,304.1538929,190.382798,230.9261825,98.60278461,186.9371045,97,0.160962381
76D,30,76D_35,35,34.09146545,0.070257196,34.00140741,34.19767097,307.2414654,241.8541853,245.5029628,90.20255946,195.4460255,97,0.19626356
76D,30,76D_40,40,36.64936067,0.055780652,36.57648571,36.7452069,309.7993607,296.4718611,255.3254724,84.65796733,217.7652044,97,0.168721182
77D,30,77D_20,20,23.83811121,0.016558628,23.79917407,23.87587407,296.9881112,124.03408,213.2178717,141.3097396,225.2662551,97,0.0767
77D,30,77D_25,25,27.52746061,0.026308316,27.48733571,27.58735926,300.6774606,174.4696168,255.0109839,131.838305,228.9993414,97,0.100023545
77D,30,77D_30,30,31.36272814,0.227597149,31.16641111,31.93903226,304.5127281,231.1935862,297.795443,115.2169385,239.5350445,97,0.772621147
77D,30,77D_35,35,34.2434178,0.029003431,34.21186667,34.30694444,307.3934178,301.7686911,334.9728364,110.7632357,267.1379633,97,0.095077778
77D,30,77D_40,40,37.2648044,0.070078739,37.18205,37.377925,310.4148044,431.5239961,402.7478122,115.6295778,354.0081267,97,0.195875
78D,30,78D_15,15,21.66492724,0.124879826,21.54572593,21.96233333,294.8149272,94.08091046,141.2443933,137.1680407,166.4278903,192,0.416607407
78D,30,78D_20,20,24.73959601,0.050197271,24.6770037,24.81897667,297.889596,120.0044608,169.1919876,123.5524059,171.2469376,192,0.141972963
78D,30,78D_25,25,27.7237953,0.035743971,27.67948571,27.78983333,300.8737953,169.2440665,208.8794688,125.1609317,186.1780248,192,0.110347619
78D,30,78D_30,30,30.66571366,0.03527077,30.61565185,30.72765926,303.8157137,227.3212755,240.9289483,122.0945038,196.3848044,192,0.112007407
78D,30,78D_35,35,33.33929263,0.11115044,33.20238214,33.59042143,306.4892926,291.5269944,271.0763665,117.7111552,214.7918591,192,0.388039286
78D,30,78D_40,40,35.53801597,0.161506697,35.38963214,35.93733571,308.688016,325.6765003,276.1523736,104.3819931,226.1406535,192,0.547703571
79D,30,79D_20,20,23.77490753,0.027072882,23.74058929,23.84071111,296.9249075,131.1840901,209.44085,150.5239215,221.9554135,192,0.100121825
79D,30,79D_25,25,27.04753019,0.033913083,27.01032143,27.11744074,300.1975302,194.9715565,263.7768506,155.3246943,241.3828951,192,0.107119312
79D,30,79D_30,30,30.28425976,0.132695535,30.15113704,30.57318214,303.4342598,257.2117509,310.3548656,143.9477139,255.198604,192,0.422045106
79D,30,79D_35,35,33.34402647,0.148504702,33.15499286,33.64899643,306.4940265,348.3127443,364.5923884,140.5693774,288.8937228,192,0.494003571
79D,30,79D_40,40,35.65014653,0.125615732,35.4991,35.95577037,308.8001465,387.5085435,384.5356373,122.7562566,315.944378,192,0.45667037
7D,37,7D_20,20,24.10158045,0.293426132,23.79626154,24.7642375,297.2515805,72.25557673,103.8474791,79.91383944,108.3306774,96,0.967975962
80D,30,80D_15,15,22.37535752,0.03404816,22.31506923,22.45528462,295.5253575,142.9580595,176.6358112,192.2065941,200.6847801,97,0.140215385
80D,30,80D_20,20,25.38478424,0.070750858,25.27501538,25.53428462,298.5347842,197.3382153,216.7286847,189.0400296,212.9584537,97,0.259269231
80D,30,80D_25,25,28.51435755,0.054441784,28.44161538,28.64992308,301.6643575,286.7265687,293.2959749,194.4605863,254.093072,97,0.208307692
80D,30,80D_30,30,31.66327002,0.057856943,31.56948462,31.79632308,304.81327,351.9881803,319.2543979,169.8612596,255.628368,97,0.226838462
80D,30,80D_35,35,34.40152094,0.063581238,34.30876923,34.5121,307.5515209,416.3837723,340.7718768,150.3133875,272.3351769,97,0.203330769
80D,30,80D_40,40,36.23488108,0.142245754,36.05051538,36.55267692,309.3848811,398.8799954,318.2939536,118.9021964,266.8409223,97,0.502161538
81D,30,81D_15,15,22.41436338,0.029555791,22.36785385,22.47139231,295.5643634,82.46310517,132.8726108,110.3804176,150.664545,97,0.103538462
81D,30,81D_20,20,25.17971805,0.036424988,25.13651538,25.28742308,298.329718,106.6500566,152.2294398,104.5299953,150.980096,97,0.150907692
81D,30,81D_25,25,28.28301568,0.060296158,28.20770769,28.43804615,301.4330157,144.9176575,177.7925792,100.801034,155.2705816,96,0.230338462
81D,30,81D_30,30,31.29251123,0.114590552,31.17423846,31.54729231,304.4425112,195.6814402,198.4152972,98.25598996,159.7843276,96,0.373053846
81D,30,81D_35,35,33.82166173,0.263308684,33.57548,34.34864615,306.9716617,236.9993106,211.9234157,90.94075428,168.3047525,96,0.773166154
81D,30,81D_40,40,34.86222867,0.163350403,34.69586923,35.16595,308.0122287,266.9724665,216.0780763,91.82919182,174.0507344,96,0.470080769
82D,30,82D_15,15,20.63936711,0.147000126,20.44091481,20.95938333,293.7893671,51.88235493,104.7585725,85.08897837,130.2403773,96,0.518468519
82D,30,82D_20,20,24.37651879,0.258749895,24.09275185,24.93109,297.5265188,79.41774292,127.8498714,85.16307769,131.6317822,97,0.838338148
82D,30,82D_25,25,27.00886073,0.024708592,26.96535714,27.0635037,300.1588607,91.47165565,141.0022034,73.1826159,129.2324966,96,0.098146561
82D,30,82D_30,30,29.98308785,0.122699681,29.84167778,30.3354,303.1330879,122.8309268,162.6996525,71.01546649,134.8043163,96,0.493722222
82D,30,82D_35,35,33.15724925,0.306603443,32.89146207,33.84835556,306.3072492,158.0773744,178.9366297,65.06949286,141.7545167,96,0.956893487
82D,30,82D_40,40,35.85303765,0.3892146,35.48533226,36.67113333,309.0030376,194.3856895,205.5365929,60.29064599,169.9674839,96,1.185801075
83D,30,83D_15,15,22.96906788,0.286768821,22.68326154,23.62504,296.1190679,111.0134808,188.4342253,139.5259285,207.7817086,97,0.941778462
83D,30,83D_20,20,25.08142771,0.042828866,25.03973846,25.22103077,298.2314277,130.1793311,192.4807034,129.0000125,191.7615505,97,0.181292308
83D,30,83D_25,25,27.81362027,0.121443696,27.70962308,28.15476154,300.9636203,161.4887845,217.462199,118.2541875,193.1769101,96,0.445138462
83D,30,83D_30,30,30.66242749,0.217156767,30.46766,31.18304615,303.8124275,205.5320604,245.1819592,110.4305558,199.8657067,97,0.715386154
83D,30,83D_35,35,33.72208682,0.228525882,33.298875,34.16856923,306.8720868,262.5911293,261.7120084,101.8247968,207.7037236,97,0.869694231
83D,30,83D_40,40,36.56526004,0.231853398,36.31933077,36.94367692,309.71526,299.9487952,283.9708629,86.40011855,241.3047371,96,0.624346154
84D,30,84D_25,25,27.04660709,0.030413818,26.98507857,27.12148571,300.1966071,187.1413952,297.6535581,149.1019488,272.3936649,97,0.136407143
84D,30,84D_30,30,30.71739321,0.015391721,30.68525185,30.75211111,303.8673932,241.9223294,344.5237694,129.2159226,280.5155113,97,0.066859259
84D,30,84D_35,35,34.04669958,0.045979322,33.99526296,34.14010323,307.1966996,322.7408735,384.9739899,120.9389541,306.3383694,97,0.144840263
84D,30,84D_40,40,37.12195273,0.096480874,37.01891852,37.31716207,310.2719527,405.9223005,407.5262745,110.3845127,355.5359837,97,0.29824355
85D,30,85D_25,25,27.19234333,0.111157041,27.03208214,27.39725333,300.3423433,143.0596793,193.1178767,112.1643022,175.7037687,193,0.36517119
85D,30,85D_30,30,29.77393895,0.533780135,29.13736154,30.52394815,302.923939,171.539857,209.449638,101.4472411,174.5148873,193,1.38658661
86D,30,86D_15,15,20.83649476,0.12044975,20.67395556,21.08674667,293.9864948,65.6813573,120.9462395,105.3041478,148.8094821,96,0.412791111
86D,30,86D_20,20,24.22596043,0.142358415,24.0969,24.54282,297.3759604,96.21074331,147.8901879,104.9304312,153.3594014,96,0.44592
86D,30,86D_25,25,27.46924761,0.28032098,27.24544074,28.12942258,300.6192476,137.7912671,181.0546516,104.7907613,162.9517634,96,0.88398184
86D,30,86D_30,30,30.17432242,0.163647283,30.02789643,30.53049,303.3243224,179.7539515,212.2627761,101.7999386,175.0119958,96,0.502593571
86D,30,86D_35,35,32.9161463,0.173312733,32.72857143,33.31765,306.0661463,231.7483452,237.3128011,97.86414574,188.0498931,96,0.589078571
86D,30,86D_40,40,35.49511508,0.087926435,35.31411429,35.64301786,308.6451151,288.284415,268.9292492,92.81190316,219.9555449,96,0.328903571
87D,30,87D_15,15,22.73138786,0.241795486,22.46956923,23.25696875,295.8813879,125.7945698,178.9673117,162.4234855,199.7072062,96,0.787399519
87D,30,87D_20,20,25.36904471,0.066290552,25.27785385,25.47538125,298.5190447,130.7503633,185.7653022,125.4722598,182.6634993,96,0.197527404
87D,30,87D_25,25,28.26183075,0.067141779,28.18583846,28.39382667,301.4118308,164.7287651,209.3565332,114.8469467,182.972939,96,0.207988205
87D,30,87D_30,30,31.2045054,0.042405281,31.15619231,31.2876,304.3545054,217.7713071,236.8588889,110.3847749,191.0333756,97,0.131407692
87D,30,87D_35,35,33.52746058,0.035094177,33.48784615,33.60786154,306.6774606,241.5351592,246.7432874,95.60469685,195.6254737,96,0.120015385
87D,30,87D_40,40,35.44361625,0.029451872,35.3982,35.50217692,308.5936162,287.3887784,264.0452027,93.02203989,215.650052,96,0.103976923
88D,30,88D_15,15,20.99529731,0.012151562,20.97534286,21.01978889,294.1452973,53.92354182,104.18024,84.88992838,127.1150869,192,0.044446032
88D,30,88D_25,25,28.18276931,0.441004164,27.7615963,29.26806333,301.3327693,151.6716696,168.0435594,106.6623907,147.2794123,192,1.506467037
88D,30,88D_30,30,30.67685409,0.115329997,30.57660741,30.91860645,303.8268541,146.7532376,162.0476513,78.72684562,132.0557171,192,0.341999044
88D,30,88D_45,45,38.59910985,0.185018881,38.26663,38.90511429,311.7491098,235.0757104,152.1633825,54.92426469,145.5527931,192,0.638484286
89D,30,89D_15,15,24.00940784,0.097718226,23.86563077,24.17843077,297.1594078,108.5186351,162.7723743,121.271422,170.5531792,96,0.3128
89D,30,89D_25,25,28.90512105,0.13098519,28.74927692,29.16998462,302.055121,163.6016836,168.2144832,106.3268789,143.8496679,97,0.420707692
89D,30,89D_30,30,31.89451388,0.181278134,31.65985385,32.2834875,305.0445139,191.1348099,178.9296184,89.98552456,142.8416521,97,0.623633654
89D,30,89D_35,35,34.29352186,0.057706043,34.21574615,34.39729375,307.4435219,203.5441657,183.6700343,74.3176559,146.5682148,97,0.181547596
89D,30,89D_40,40,36.21981264,0.046141515,36.14925385,36.30793077,309.3698126,234.5974478,196.3821439,70.04067955,164.541136,97,0.158676923
90D,30,90D_15,15,22.41669711,0.052581396,22.3338,22.51604615,295.5666971,85.08964537,151.0701053,113.8659223,171.2784396,97,0.182246154
90D,30,90D_20,20,25.56838751,0.085291388,25.39052,25.70700769,298.7183875,113.6118304,169.1579417,106.6302729,164.8504508,96,0.316487692
90D,30,90D_25,25,27.99958916,0.106662828,27.91910769,28.31363077,301.1495892,142.7303329,180.8182661,102.4082733,159.52711,96,0.394523077
90D,30,90D_30,30,30.84866046,0.092133471,30.73809231,31.09739167,303.9986605,183.2071225,193.1419883,96.48272214,156.8301409,192,0.359299359
90D,30,90D_35,35,33.2112032,0.094240054,33.07890769,33.37705833,306.3612032,192.8125374,189.5151311,78.91536707,150.1384351,96,0.298150641
90D,30,90D_40,40,35.79489448,0.144032974,35.64489231,36.19971538,308.9448945,230.3783028,194.6050643,71.88789861,160.6210844,96,0.554823077
90D,30,90D_45,45,38.34471948,0.177228053,38.0916625,38.75847692,311.4947195,276.2172555,206.4464314,66.23892806,193.9218157,96,0.666814423
91D,30,91D_15,15,23.74149545,0.243455853,23.48514615,24.26166667,296.8914955,55.4522651,96.10008954,63.86742712,102.0078201,97,0.776520513
91D,30,91D_20,20,26.36677044,0.344261726,26.06429231,27.10478125,299.5167704,72.02682558,110.2273232,61.86422579,103.7475537,97,1.040488942
91D,30,91D_25,25,28.60382104,0.285333772,28.35202308,29.20362,301.753821,86.87211983,122.1792162,58.34483809,105.5271016,97,0.851596923
92D,30,92D_15,15,20.6856983,0.056888545,20.64052593,20.85155484,293.8356983,70.37891886,141.7560771,114.8100508,175.8062644,96,0.211028913
92D,30,92D_20,20,23.94554112,0.158610651,23.77580741,24.30274839,297.0955411,98.72006046,168.3713439,111.1173063,176.9637427,96,0.52694098
92D,30,92D_25,25,26.96017758,0.153919656,26.830225,27.3179129,300.1101776,131.3899781,194.0583241,105.6856618,178.2101395,96,0.487687903
92D,30,92D_30,30,29.92856965,0.11524617,29.80947778,30.15795667,303.0785696,170.8338737,220.0962926,99.35283131,182.6221878,96,0.348478889
92D,30,92D_35,35,32.87119237,0.074610877,32.75065357,33.0324,306.0211924,211.0171591,248.0822451,89.53568152,196.6063217,96,0.281746429
92D,30,92D_40,40,35.9265433,0.197451548,35.68581481,36.35836071,309.0765433,267.3850649,283.4012537,82.3002448,234.9387413,96,0.672545899
93D,30,93D_15,15,24.87777679,0.096218938,24.7745,25.07004,298.0277768,73.01556555,114.7274737,74.02047959,115.3772083,192,0.29554
93D,30,93D_20,20,27.15965764,0.125600215,27.05636923,27.50489231,300.3096576,83.86286309,105.0024376,65.98893115,95.65814172,192,0.448523077
93D,30,93D_25,25,28.61126967,0.052817368,28.53305833,28.71653846,301.7612697,119.3391634,140.4006569,80.08514548,121.2346207,192,0.183480128
93D,30,93D_30,30,31.75046524,0.144564274,31.60097692,32.11390769,304.9004652,203.3484442,207.2690659,97.22052361,165.7652041,192,0.512930769
93D,30,93D_35,35,33.6311457,0.148259239,33.44126923,33.9256,306.7811457,235.2632923,211.0610309,92.10786869,167.417181,192,0.484330769
93D,30,93D_40,40,34.12046735,0.120657268,33.97065385,34.42799231,307.2704674,209.3328629,205.4202716,77.83534058,163.5868931,192,0.457338462
95D,30,95D_15,15,26.50789163,0.098113277,26.42908929,26.70955,299.6578916,126.4647538,167.5670171,106.9372175,156.7800148,192,0.280460714
95D,30,95D_20,20,26.96829045,0.04199844,26.92778889,27.07282,300.1182904,146.5608296,176.8329954,117.7831054,162.3382365,192,0.145031111
95D,30,95D_25,25,28.20643342,0.16428057,28.03963333,28.5731871,301.3564334,150.667505,180.1778174,105.6821807,157.7811498,192,0.533553763
95D,30,95D_30,30,31.18113974,0.194892115,31.03563704,31.68841,304.3311397,163.7965262,181.8404902,83.234222,146.7202081,192,0.652772963
95D,30,95D_35,35,33.5678387,0.073617332,33.50044815,33.70455517,306.7178387,184.8453197,189.2215005,72.85421736,150.0468645,192,0.204107024
95D,30,95D_40,40,36.50555531,0.067583696,36.41799286,36.63367667,309.6555553,253.0940346,215.4623298,73.3560437,182.6218669,192,0.21568381
96D,30,96D_40,40,37.93878096,0.116019927,37.80908889,38.22633704,311.088781,398.0823675,373.5892105,99.52107319,341.576899,97,0.417248148
97D,30,97D_20,20,26.34379347,0.160744746,26.17231538,26.77224667,299.4937935,98.7818838,129.422611,85.06052988,121.933321,96,0.599931282
97D,30,97D_25,25,28.93385984,0.233313415,28.60305385,29.44334375,302.0838598,117.1197659,139.0840269,75.87980079,118.8285717,96,0.840289904
97D,30,97D_35,35,32.00049048,0.129410485,31.83774167,32.23728,305.1504905,164.6989599,155.8314664,76.66729753,124.2508308,97,0.399538333
98D,30,98D_15,15,21.24755033,0.141982193,21.06653929,21.5043,294.3975503,85.0833689,144.6807192,130.121912,174.2153817,96,0.437760714
98D,30,98D_20,20,24.2846528,0.086344573,24.15160741,24.44625333,297.4346528,113.1234882,178.6383239,122.5651043,184.727149,96,0.294645926
98D,30,98D_25,25,26.97705554,0.023928302,26.94127778,27.01878214,300.1270555,136.7239541,195.8764202,109.771531,179.7569586,96,0.077504365
98D,30,98D_30,30,29.83500389,0.04249211,29.79122222,29.91935556,302.9850039,186.2866322,229.2624471,109.4423572,190.7052424,96,0.128133333
98D,30,98D_35,35,33.81242556,0.042438502,33.75263571,33.89892414,306.9624256,158.7742192,142.2952842,60.98380055,112.9999767,96,0.146288424
98D,30,98D_40,40,37.00688029,0.168609258,36.82908889,37.37669286,310.1568803,212.0916364,168.0638852,58.36459957,145.7731182,96,0.547603968
99D,30,99D_15,15,21.11028633,0.087709785,20.94688929,21.22512222,294.2602863,92.53059352,154.485625,143.7571691,187.3619105,192,0.278232937
99D,30,99D_20,20,23.94122916,0.165793269,23.77900741,24.29993548,297.0912292,99.38384703,165.5116243,111.9187718,173.9942934,192,0.520928076
99D,30,99D_25,25,27.17606645,0.116769579,27.06667143,27.3807,300.3260665,150.8896637,213.103086,118.5156498,194.0121687,192,0.314028571
99D,30,99D_30,30,31.16733377,0.12907947,31.04355714,31.44815484,304.3173338,198.5188922,217.682866,101.0281607,175.6833789,192,0.404597696
99D,30,99D_35,35,33.81761974,0.073139868,33.73821852,33.98574839,306.9676197,239.3588504,236.7603498,91.88531029,188.0240517,192,0.247529869
99D,30,99D_40,40,36.3964,0.178542589,36.23998519,36.75165185,309.5464,333.164545,284.967577,97.66243585,240.4383572,192,0.511666667